Year,Mo,Date,SAC,YOLO,CSMR,MOKE,MISC,SJR,EAST,TOT,CCC,SWP,CVP,NBAQ,EXPORTS,GCD,PREC,MISDV,CD,XGEO,WEST,RIO,OUT,EXPIN,DIVER,EFFEC,EFFDIV,X2
2021,10,2021-10-01,7300,42,6,120,111,283,520,7861,108,398,1710,44,2260,2077,0,0,2077,4380,1334,2380,3525,0.26,55,7578,53,90.41
2021,10,2021-10-02,7200,41,7,149,107,331,594,7835,103,395,1719,40,2257,2030,0,0,2030,4490,1547,2183,3548,0.26,55,7504,53,90.32
2021,10,2021-10-03,7220,42,7,168,92,379,646,7908,103,399,1720,51,2274,2009,0,0,2009,4360,1478,2339,3625,0.26,54,7529,52,90.22
2021,10,2021-10-04,7010,42,7,150,38,366,561,7613,103,393,1721,48,2265,2004,0,0,2004,3156,197,3335,3344,0.27,56,7247,54,90.17
2021,10,2021-10-05,7040,42,7,206,20,348,580,7662,100,389,1726,46,2261,1959,0,0,1959,2472,-436,4062,3442,0.27,55,7314,53,90.12
2021,10,2021-10-06,7280,42,7,625,15,332,979,8301,100,391,1727,50,2268,1957,0,0,1957,2499.99,-10,4274,4077,0.25,51,7969,49,89.95
2021,10,2021-10-07,7280,42,7,453,15,306,782,8104,99,396,1706,50,2252,1902,0,0,1902,2648,-8,4142,3950,0.25,51,7798,49,89.81
2021,10,2021-10-08,7470,44,8,262,16,359,645,8158,91,393,1699,58,2241,1904,0,0,1904,3700,924,3280,4013,0.25,51,7799,49,89.68
2021,10,2021-10-09,7630,43,8,143,16,381,548,8221,88,294,1710,66,2157,1916,0,0,1916,4440,1650,2697,4147,0.24,50,7840,47,89.52
2021,10,2021-10-10,7500,43,8,152,17,446,622,8165,80,295,1719,51,2146,1866,0,0,1866,4310,1625,2711,4154,0.24,49,7719,46,89.38
2021,10,2021-10-11,8070,43,9,166,16,467,658,8771,84,297,1699,53,2133,1865,0,0,1865,3190,556,4400,4773,0.22,46,8304,43,89.15
2021,10,2021-10-12,7790,42,11,260,17,485,772,8604,91,295,1702,54,2143,1851,0,0,1851,2287.4,-233,5026,4610,0.23,46,8119,43,88.96
2021,10,2021-10-13,7380,42,10,97,16,477,601,8023,107,290,1706,58,2160,1853,0,0,1853,2330.14,-376,4573,4010,0.24,50,7546,47,88.87
2021,10,2021-10-14,7620,42,10,111,17,418,556,8218,102,296,1703,58,2159,1807,0,0,1807,2671,-49,4486,4252,0.24,48,7800,45,88.75
2021,10,2021-10-15,7560,44,11,248,17,403,679,8282,118,291,1699,66,2174,1805,0,0,1805,3970,1368,3128,4303,0.23,48,7879,45,88.62
2021,10,2021-10-16,7200,47,11,97,20,434,562,7809,140,300,1677,52,2170,1826,0,0,1826,4560,1818,2176,3814,0.25,51,7375,48,88.58
2021,10,2021-10-17,6970,49,11,112,41,509,673,7692,137,291,800,39,1267,1834,0,0,1834,4290,2542,2216,4590,0.14,40,7183,36,88.43
2021,10,2021-10-18,7360,48,11,188,60,760,1019,8428,127,293,799,50,1269,1782,0,0,1782,3137,1779,3772,5376,0.13,36,7668,30,88.18
2021,10,2021-10-19,7350,48,12,715,68,890,1685,9083,90,294,805,53,1242,1783,0,0,1783,2514.6,1851,4385,6058,0.12,33,8193,26,87.86
2021,10,2021-10-20,7440,49,15,543,59,824,1441,8930,76,298,807,58,1239,1784,0,0,1784,2529.98,1631,4459,5906,0.12,34,8106,27,87.58
2021,10,2021-10-21,7710,48,19,376,46,1000,1442,9200,71,292,811,52,1225,1783,229,0,1554,2698,1956,4625,6420,0.12,30,8200,22,87.26
2021,10,2021-10-22,8240,49,21,232,41,1090,1384,9673,63,295,805,40,1203,1778,1604,0,174,3840,3949,4400,8296,0.11,14,8583,3,86.8
2021,10,2021-10-23,8860,54,31,181,46,1320,1578,10493,67,297,801,27,1193,1743,2062,0,-319,4970,5590,4034,9619,0.1,8,9682,1,86.26
2021,10,2021-10-24,12900,694,509,362,50,1490,2411,16005,58,994,1722,17,2791,1746,25451,0,-23705,6430,21475,13801,36919,0.17,-131,23170,-59,84.88
2021,10,2021-10-25,24300,665,8150,388,48,1800,10386,35351,64,998,1713,22,2797,1744,30725,0,-28981,6630,33079,26450,61535,0.08,-74,44726,-38,83.25
2021,10,2021-10-26,34500,1026,1300,252,42,2240,3834,39360,40,3998,1726,24,5788,1745,30496,0,-28751,6370,23128,37206,62323,0.15,-58,45647,-37,81.7
2021,10,2021-10-27,35100,1246,434,197,27,1700,2358,38704,11,6677,2705,15,9407,1745,29121,0,-27376,6360,17120,37651,56672,0.24,-46,41705,-36,80.3
2021,10,2021-10-28,29200,1146,262,144,31,1400,1837,32183,37,6677,2469,35,9217,1731,28663,0,-26932,5610,15772,32277,49899,0.28,-55,35313,-41,79.06
2021,10,2021-10-29,22400,728,214,266,44,1370,1894,25022,97,6678,3251,34,10060,1688,5274,0,-3586,4700,-1100,19432,18549,0.4,26,23652,22,78.52
2021,10,2021-10-30,18300,305,167,177,52,1310,1706,20311,107,6673,3579,53,10412,1692,0,0,1692,3980,-5772,14151,8207,0.5,60,19001,57,78.55
2021,10,2021-10-31,14800,106,139,173,45,1470,1827,16733,69,6673,3560,60,10362,1692,0,0,1692,3520,-6055,10912,4679,0.61,72,15263,69,78.93
2021,11,2021-11-01,12300,70,121,157,43,1580,1901,14270,208,6673,3849,64,10794,1689,229,0,1460,3290,-6489,8671,2016,0.74,86,12690,84,79.83
2021,11,2021-11-02,11000,125,107,664,43,1410,2224,13349,251,6680,4217,64,11211,1697,229,0,1468,3150,-6727,7564,670,0.82,95,11939,94,81.4
2021,11,2021-11-03,9900,169,96,544,29,1180,1849,11918,250,1444,4252,66,6012,1694,229,0,1465,3030,-2020,6629,4441,0.48,63,10738,59,81.66
2021,11,2021-11-04,9910,138,92,378,30,1110,1609,11657,252,0,4267,74,4592,1694,458,0,1236,3122,-590,6580,5830,0.37,50,10547,45,81.73
2021,11,2021-11-05,10100,125,88,202,44,973,1307,11532,261,0,4295,70,4626,1694,458,0,1236,4380,328,5499,5670,0.37,51,10559,46,81.81
2021,11,2021-11-06,9670,126,84,181,58,834,1157,10953,96,2993,4275,58,7421,1696,229,0,1468,5240,-1920,4145,2064,0.66,81,10119,80,82.54
2021,11,2021-11-07,9300,125,76,168,65,760,1069,10494,100,2390,4452,58,7000,1694,229,0,1465,5200,-1625,3814,2028,0.65,81,9734,79,83.25
2021,11,2021-11-08,8810,99,71,167,57,737,1032,9941,97,2091,4271,55,6514,1648,916,0,732,5040,-863,3664,2695,0.64,73,9204,71,83.73
2021,11,2021-11-09,9050,76,90,194,54,721,1059,10185,66,2997,4255,53,7371,1646,2980,0,-1334,4980,-412,4520,4148,0.71,59,9464,56,83.9
2021,11,2021-11-10,9530,76,297,171,54,705,1227,10833,104,4996,2122,64,7285,1646,2980,0,-1334,4960,-168,5020,4882,0.66,55,10128,52,83.96
2021,11,2021-11-11,10700,76,196,165,49,667,1077,11853,264,5995,2778,60,9097,1647,2980,0,-1333,5440,-1653,5709,4089,0.74,66,11186,63,84.13
2021,11,2021-11-12,13000,73,143,167,44,656,1010,14083,272,5497,3225,56,9050,1645,2980,0,-1335,6070,-1046,7377,6368,0.62,55,13427,53,84.01
2021,11,2021-11-13,12400,70,122,163,37,614,936,13406,281,3998,3570,45,7894,1644,2293,0,-648,4380,-2111,8271,6160,0.56,54,12792,52,83.91
2021,11,2021-11-14,10700,69,109,166,36,594,905,11674,281,3988,3567,49,7886,1644,0,0,1644,3039.6,-4961,7269,2144,0.65,82,11080,81,84.5
2021,11,2021-11-15,9180,68,99,166,44,600,909,10157,114,2486,3282,52,5935,1700,0,0,1700,2810,-3268,5962,2522,0.57,75,9557,74,84.96
2021,11,2021-11-16,8320,67,92,161,50,600,902,9290,75,994,3776,54,4899,1692,0,0,1692,2650,-2392,5263,2698,0.51,71,8690,69,85.34
2021,11,2021-11-17,7540,69,85,163,42,597,887,8496,72,991,2612,56,3731,1692,0,0,1692,2480,-1408,4655,3072,0.42,64,7899,61,85.62
2021,11,2021-11-18,7120,71,80,164,45,605,895,8085,108,294,2705,56,3163,1688,0,0,1688,2534,-776,4184,3234,0.37,60,7480,57,85.86
2021,11,2021-11-19,7100,71,76,160,54,603,893,8064,106,297,2742,38,3182,1698,0,0,1698,3370,15,3325,3184,0.38,61,7461,57,86.08
2021,11,2021-11-20,6990,71,72,160,45,610,887,7947,88,297,2739,28,3152,1746,0,0,1746,3890,518,2682,3050,0.38,62,7337,58,86.33
2021,11,2021-11-21,6890,72,69,162,40,619,890,7851,77,294,2740,27,3138,1742,0,0,1742,3830,476,2644,2971,0.39,62,7232,59,86.58
2021,11,2021-11-22,6560,72,66,160,38,622,886,7519,81,296,2734,39,3151,1746,0,0,1746,3720,359,2423,2621,0.4,65,6897,62,86.89
2021,11,2021-11-23,6670,72,64,158,40,623,885,7627,96,299,2741,45,3182,1746,0,0,1746,2930,-456,3323,2699,0.4,65,7004,61,87.17
2021,11,2021-11-24,6880,68,62,164,44,617,887,7835,120,296,2735,41,3192,1747,0,0,1747,2054,-1345,4405,2897,0.39,63,7218,60,87.39
2021,11,2021-11-25,6580,61,60,161,35,598,853,7494,126,296,1772,37,2231,1796,0,0,1796,2090,-419,4048,3467,0.28,54,6896,50,87.48
2021,11,2021-11-26,6330,58,58,158,33,598,847,7235,125,292,1768,39,2225,1796,0,0,1796,2880,374,3005,3214,0.28,56,6637,52,87.61
2021,11,2021-11-27,6390,61,57,161,40,595,853,7304,107,292,1767,40,2207,1846,0,0,1846,3490,976,2445,3251,0.28,55,6709,52,87.73
2021,11,2021-11-28,6400,63,56,162,40,591,849,7312,98,298,1766,39,2201,1895,0,0,1895,3600,1055,2333,3216,0.28,56,6721,52,87.85
2021,11,2021-11-29,6450,64,55,160,35,596,846,7359,98,296,1734,43,2172,1898,0,0,1898,3620,1104,2362,3290,0.28,55,6763,51,87.95
2021,11,2021-11-30,6410,64,54,161,44,593,852,7325,25,296,1711,49,2081,1946,0,0,1946,2940,494,2989,3298,0.27,55,6732,51,88.04
2021,12,2021-12-01,6300,64,53,165,54,582,854,7217,59,293,1707,52,2110,2000,0,0,2000,2281.2,-223,3522,3107,0.28,57,6635,53,88.16
2021,12,2021-12-02,6100,63,52,161,54,560,827,6990,60,294,1715,56,2124,1992,0,0,1992,2260,-277,3345,2873,0.29,59,6430,55,88.33
2021,12,2021-12-03,6040,62,50,163,54,546,813,6915,60,289,929,49,1326,1996,0,0,1996,2230,468,3313,3592,0.18,48,6369,44,88.35
2021,12,2021-12-04,6340,62,49,158,54,542,803,7205,60,296,925,51,1332,2044,0,0,2044,2210,404,3620,3829,0.17,47,6663,43,88.32
2021,12,2021-12-05,6580,63,48,161,54,556,819,7462,60,296,922,44,1322,2096,0,0,2096,2220,399,3836,4045,0.16,46,6906,41,88.26
2021,12,2021-12-06,6540,64,48,160,54,561,822,7426,60,290,886,41,1278,2098,229,0,1869,2240,611,3840,4279,0.16,42,6865,38,88.17
2021,12,2021-12-07,6460,62,49,168,54,561,832,7354,60,300,832,39,1231,2145,229,0,1916,2190,584,3796,4206,0.15,43,6793,38,88.09
2021,12,2021-12-08,6600,61,50,158,54,542,804,7465,60,298,833,46,1237,2145,229,0,1916,2190,558,3934,4312,0.15,42,6923,38,88
2021,12,2021-12-09,6880,62,60,167,55,528,810,7752,61,349,841,50,1300,2150,687,0,1463,2210,819,4323,4989,0.15,36,7224,31,87.82
2021,12,2021-12-10,6930,65,92,160,57,535,844,7839,72,255,836,54,1217,2195,687,0,1508,2160,861,4413,5114,0.14,35,7304,30,87.63
2021,12,2021-12-11,6500,56,88,158,57,556,859,7414,40,292,836,58,1227,2195,458,0,1737,2130,690,3939,4451,0.15,40,6858,35,87.55
2021,12,2021-12-12,6440,55,70,166,57,595,888,7382,12,293,817,40,1162,2200,1375,0,825,2160,1389,4104,5395,0.15,27,6787,21,87.34
2021,12,2021-12-13,9120,485,263,238,57,643,1201,10806,82,1490,1738,28,3338,2195,11923,0,-9728,2630,6843,9699,17196,0.3,-59,11847,-45,86.4
2021,12,2021-12-14,16200,353,2600,260,57,773,3690,20243,269,2989,2612,26,5896,2198,12382,0,-10184,3740,8180,15664,24531,0.28,-21,19470,-26,85.28
2021,12,2021-12-15,24600,246,1050,201,67,1020,2338,27184,277,2995,3413,26,6710,2195,12382,0,-10187,4840,7115,22858,30661,0.24,-13,26164,-17,84.08
2021,12,2021-12-16,28500,800,996,212,58,1010,2276,31576,278,2289,3939,21,6528,2195,15133,0,-12938,5490,9669,27433,37986,0.2,-20,30566,-24,82.81
2021,12,2021-12-17,28100,843,828,182,58,998,2066,31009,276,4893,4129,11,9310,2196,14216,0,-12020,5440,6021,26869,33720,0.29,-9,30011,-12,81.68
2021,12,2021-12-18,27300,1017,474,167,58,1030,1729,30046,226,5489,4116,14,9845,2144,3668,0,-1524,5310,-1801,23434,21725,0.32,28,29016,25,80.9
2021,12,2021-12-19,24900,831,342,171,58,989,1560,27291,280,5498,4154,15,9947,2150,2751,0,-601,4930,-3052,20969,17945,0.35,34,26302,32,80.28
2021,12,2021-12-20,21200,347,273,161,58,970,1462,23009,110,1195,933,13,2252,2141,2751,0,-610,4310,3930,17408,21368,0.09,7,22039,3,79.59
2021,12,2021-12-21,18100,126,230,163,58,942,1393,19619,123,1197,915,11,2245,2100,687,0,1413,3810,2050,14020,15961,0.11,19,18677,15,79.12
2021,12,2021-12-22,16200,108,214,179,58,824,1275,17583,124,1293,914,15,2347,2095,2292,0,-197,3540,2611,12823,15433,0.13,12,16759,8,78.7
2021,12,2021-12-23,17100,283,3180,236,63,793,4272,21655,126,1297,919,12,2353,2045,5731,0,-3686,3650,7977,14765,22988,0.1,-6,20862,-10,78.05
2021,12,2021-12-24,22500,461,3890,231,70,974,5165,28126,107,392,1700,14,2213,2049,6189,0,-4140,4300,9957,19820,30053,0.07,-7,28113,-7,77.26
2021,12,2021-12-25,29700,953,2610,216,59,1180,4065,34718,94,499,1695,9,2297,1996,8482,0,-6486,5380,11373,27089,38907,0.06,-12,35145,-11,76.34
2021,12,2021-12-26,33700,1341,2500,218,60,1360,4138,39179,88,792,1701,12,2594,1995,8712,0,-6717,6060,11982,30862,43302,0.06,-11,39406,-10,75.41
2021,12,2021-12-27,34300,1476,3690,209,59,1650,5608,41384,100,792,1697,14,2604,1950,8941,0,-6992,6300,13863,31434,45772,0.06,-11,41717,-10,74.49
2021,12,2021-12-28,33700,1456,2290,215,67,2060,4632,39788,79,792,1716,14,2600,1945,5502,0,-3557,6240,10598,29912,40745,0.06,-2,38982,-5,73.7
2021,12,2021-12-29,31300,1406,1690,219,60,2450,4419,37125,55,298,2607,14,2975,1894,6878,0,-4984,5860,10557,28241,39133,0.08,-5,36280,-8,72.98
2021,12,2021-12-30,29800,1216,1380,192,50,2510,4132,35148,63,294,2602,15,2975,1850,4585,0,-2736,5620,8570,26162,34909,0.08,1,33927,-3,72.37
2021,12,2021-12-31,30000,1032,990,181,42,2290,3503,34535,61,305,2603,14,2983,1796,3668,0,-1872,5640,7391,25916,33424,0.08,3,33327,0,71.82
2022,1,2022-01-01,28400,732,789,174,42,2120,3125,32257,62,998,1698,14,2773,1696,1834,0,-138,5420,5876,23751,29622,0.08,8,30137,2,71.38
2022,1,2022-01-02,25500,441,638,163,42,1840,2683,28624,52,1494,1707,12,3266,1646,1834,0,-188,5050,4601,20944,25545,0.11,11,26784,5,71.06
2022,1,2022-01-03,23000,232,552,173,42,1530,2297,25529,44,2500,3447,13,6004,1595,0,0,1595,4750,18,18035,17929,0.23,30,23999,25,70.99
2022,1,2022-01-04,21600,128,508,167,42,1320,2037,23765,47,1794,3496,12,5350,1546,0,0,1546,4530,225,16766,16870,0.22,29,22445,25,70.96
2022,1,2022-01-05,20800,115,520,165,44,1220,1949,22864,39,2393,3478,16,5926,1500,0,0,1500,4390,-546,16105,15438,0.26,32,21644,29,70.99
2022,1,2022-01-06,20900,130,511,171,43,1150,1875,22905,32,1664,4016,20,5732,1450,0,0,1450,4380,-399,16244,15723,0.25,31,21755,28,71
2022,1,2022-01-07,21800,124,521,162,42,1110,1835,23759,31,1692,4208,17,5948,1399,0,0,1399,4490,-515,17042,16412,0.25,31,22649,28,70.99
2022,1,2022-01-08,22300,108,609,164,42,1120,1935,24343,32,1597,4205,21,5855,1397,0,0,1397,4570,-237,17447,17091,0.24,30,23223,26,70.95
2022,1,2022-01-09,22200,93,543,161,42,1100,1846,24139,32,1587,4056,18,5692,1346,0,0,1346,4570,-134,17346,17101,0.23,29,23039,26,70.91
2022,1,2022-01-10,22200,81,482,162,42,1070,1756,24037,33,1496,4052,22,5603,1296,0,0,1296,4580,-88,17338,17137,0.23,29,22967,25,70.88
2022,1,2022-01-11,21500,71,444,163,40,1040,1687,23258,29,1690,4052,17,5789,1295,0,0,1295,4460,-467,16748,16174,0.25,30,22218,27,70.88
2022,1,2022-01-12,19900,64,425,163,37,1020,1645,21609,31,1691,4054,20,5795,1245,0,0,1245,4220,-720,15396,14569,0.27,33,20589,29,70.95
2022,1,2022-01-13,17500,60,430,165,37,1010,1642,19202,38,1694,4061,23,5816,1241,0,0,1241,3870,-1088,13342,12144,0.3,37,18192,33,71.14
2022,1,2022-01-14,16300,55,440,164,38,996,1638,17994,33,1895,4110,21,6060,1198,0,0,1198,3650,-1529,12370,10736,0.33,40,16998,37,71.39
2022,1,2022-01-15,16000,52,438,163,43,988,1632,17684,28,1892,4120,21,6060,1198,0,0,1198,3630,-1556,12086,10425,0.34,41,16696,38,71.65
2022,1,2022-01-16,15800,49,427,161,45,979,1612,17461,28,1893,4115,15,6050,1146,0,0,1146,3640,-1529,11888,10264,0.34,41,16482,38,71.9
2022,1,2022-01-17,15600,48,411,162,45,973,1591,17239,29,1589,4071,20,5709,1146,0,0,1146,3650,-1193,11677,10384,0.33,40,16266,36,72.14
2022,1,2022-01-18,15300,47,395,164,45,962,1566,16913,37,1297,4064,19,5417,1094,0,0,1094,3600,-944,11441,10402,0.32,38,15951,35,72.35
2022,1,2022-01-19,15300,46,377,163,45,958,1543,16889,31,1696,4085,25,5837,1095,0,0,1095,3560,-1422,11479,9956,0.34,41,15931,38,72.59
2022,1,2022-01-20,14900,44,364,158,45,965,1532,16476,38,1698,4091,31,5858,1095,0,0,1095,3530,-1477,11108,9523,0.35,42,15511,39,72.84
2022,1,2022-01-21,14100,44,358,163,45,965,1531,15674,29,1692,4089,37,5846,1050,0,0,1050,3400,-1561,10450,8778,0.37,44,14709,40,73.13
2022,1,2022-01-22,13100,43,356,159,44,974,1533,14676,30,1692,4144,36,5902,1050,0,0,1050,3220,-1795,9629,7724,0.4,47,13702,44,73.49
2022,1,2022-01-23,12700,42,341,155,45,973,1514,14256,29,1592,4119,35,5774,992,0,0,992,3200,-1671,9265,7490,0.4,47,13283,44,73.84
2022,1,2022-01-24,12500,43,326,162,44,953,1485,14029,30,1490,4184,35,5740,996,0,0,996,3170,-1697,9094,7292,0.4,48,13076,44,74.2
2022,1,2022-01-25,12100,44,321,160,47,950,1478,13621,30,1597,4208,35,5871,996,0,0,996,3120,-1885,8745,6755,0.43,50,12671,47,74.58
2022,1,2022-01-26,11500,43,316,162,48,907,1434,12977,31,1592,3885,38,5546,993,0,0,993,3020,-1700,8245,6438,0.42,50,12070,47,74.98
2022,1,2022-01-27,10900,43,305,163,46,874,1388,12331,49,2186,3392,45,5672,946,0,0,946,2970,-1883,7708,5714,0.45,54,11457,50,75.43
2022,1,2022-01-28,10700,43,296,158,46,831,1331,12074,88,2488,3275,36,5888,944,0,0,944,2970,-2165,7508,5242,0.48,57,11243,53,75.91
2022,1,2022-01-29,10700,43,290,163,52,886,1391,12135,91,2491,3336,42,5959,950,0,0,950,3000,-2143,7477,5226,0.48,57,11249,54,76.36
2022,1,2022-01-30,11100,44,285,162,55,1090,1592,12736,87,2498,3399,41,6025,943,0,0,943,3090,-1915,7790,5768,0.46,55,11646,50,76.73
2022,1,2022-01-31,11900,45,280,334,55,1010,1679,13624,91,2500,3431,36,6059,895,0,0,895,3240,-1685,8454,6670,0.43,51,12614,47,76.98
2022,2,2022-02-01,12600,45,276,429,50,891,1646,14291,7,0,833,37,877,900,0,0,900,3280,3501,9114,12515,0.06,12,13400,7,76.82
2022,2,2022-02-02,12800,52,270,350,48,1060,1728,14580,0,1190,813,36,2040,895,0,0,895,3210,2353,9392,11646,0.14,20,13520,14,76.71
2022,2,2022-02-03,12600,56,256,263,51,1560,2130,14787,5,294,1813,42,2155,896,0,0,896,3250,2685,9155,11735,0.14,21,13227,11,76.6
2022,2,2022-02-04,12700,51,245,221,58,1740,2264,15015,11,495,1803,38,2347,893,0,0,893,3280,2654,9221,11775,0.15,22,13275,11,76.49
2022,2,2022-02-05,12600,45,238,204,61,1820,2323,14969,30,792,1807,45,2674,894,0,0,894,3240,2353,9155,11400,0.17,24,13149,13,76.41
2022,2,2022-02-06,12600,42,234,199,61,1860,2354,14997,26,694,1814,42,2576,900,0,0,900,3170,2406,9220,11521,0.17,23,13137,12,76.33
2022,2,2022-02-07,12400,43,235,196,61,1860,2352,14795,29,792,1803,40,2663,898,0,0,898,3070,2216,9121,11234,0.18,24,12935,13,76.27
2022,2,2022-02-08,12100,48,243,190,61,1830,2324,14472,39,696,1803,43,2581,895,0,0,895,2990,2194,8908,10996,0.17,24,12642,13,76.22
2022,2,2022-02-09,12200,66,254,190,58,1780,2282,14549,34,300,1807,40,2182,895,0,0,895,2920,2479,9096,11472,0.14,21,12769,10,76.15
2022,2,2022-02-10,12500,65,272,186,56,1730,2244,14809,50,298,1802,44,2194,844,0,0,844,2940,2485,9388,11770,0.14,21,13079,10,76.07
2022,2,2022-02-11,12700,66,302,186,58,1730,2276,15042,64,591,1691,46,2392,844,0,0,844,2990,2372,9539,11806,0.15,22,13312,11,75.99
2022,2,2022-02-12,12800,66,338,186,62,1710,2296,15162,67,789,1695,53,2604,848,0,0,848,3050,2244,9579,11710,0.16,23,13452,13,75.92
2022,2,2022-02-13,12500,58,361,186,66,1460,2073,14631,66,999,1695,50,2809,844,0,0,844,3110,1875,9212,10977,0.18,25,13171,17,75.9
2022,2,2022-02-14,12200,50,372,186,67,1310,1935,14185,64,594,1693,46,2398,844,0,0,844,3140,2175,8874,10943,0.16,23,12875,15,75.88
2022,2,2022-02-15,12400,50,381,176,65,1210,1832,14282,62,99,1697,39,1898,838,0,0,838,3150,2579,9065,11546,0.12,19,13072,12,75.82
2022,2,2022-02-16,12500,54,367,184,65,1200,1816,14369,66,592,1694,44,2396,829,0,0,829,3180,2105,9141,11144,0.16,22,13169,15,75.8
2022,2,2022-02-17,12600,54,331,184,64,1150,1729,14384,63,297,1689,49,2099,835,0,0,835,3220,2357,9200,11450,0.14,20,13234,13,75.75
2022,2,2022-02-18,12100,54,306,183,64,1090,1643,13797,61,292,1694,53,2100,839,0,0,839,3230,2280,8689,10857,0.14,21,12707,15,75.74
2022,2,2022-02-19,11600,57,292,182,64,1050,1588,13246,56,190,1700,60,2006,840,0,0,840,3200,2296,8222,10400,0.14,21,12196,15,75.77
2022,2,2022-02-20,11500,57,284,179,65,1090,1618,13175,53,0,1588,58,1699,842,0,0,842,3170,2599,8152,10634,0.12,19,12085,12,75.77
2022,2,2022-02-21,11500,54,276,178,61,1110,1625,13179,43,192,909,67,1211,890,0,0,890,3090,2992,8214,11077,0.08,16,12069,8,75.75
2022,2,2022-02-22,11300,61,272,174,58,1050,1554,12915,45,191,863,64,1162,887,0,0,887,2980,2860,8132,10866,0.08,16,11865,8,75.74
2022,2,2022-02-23,11200,86,275,171,58,1020,1524,12810,26,0,801,55,881,875,0,0,875,2920,3049,8121,11054,0.06,14,11790,6,75.72
2022,2,2022-02-24,11300,78,238,171,69,1000,1478,12855,0,0,796,49,845,870,0,0,870,2870,2986,8264,11140,0.06,13,11855,6,75.7
2022,2,2022-02-25,11500,68,223,169,69,978,1439,13007,58,0,800,21,880,857,0,0,857,2910,2934,8418,11270,0.06,13,12029,6,75.67
2022,2,2022-02-26,11900,60,214,175,65,950,1404,13364,64,196,800,61,1121,866,0,0,866,3020,2801,8698,11377,0.07,15,12414,8,75.64
2022,2,2022-02-27,12200,55,205,177,65,1120,1567,13822,45,149,614,62,868,864,0,0,864,3160,3358,8853,12090,0.05,13,12702,5,75.57
2022,2,2022-02-28,12500,56,201,179,65,1180,1625,14182,30,488,801,60,1380,863,0,0,863,3220,2965,9095,11939,0.09,16,13002,8,75.51
2022,3,2022-03-01,12500,60,202,178,65,1180,1625,14186,50,698,843,64,1654,901,0,0,901,3270,2719,9038,11630,0.11,18,13006,11,75.47
2022,3,2022-03-02,12400,66,204,157,63,1190,1614,14080,67,681,868,68,1684,964,0,0,964,3320,2691,8876,11431,0.11,19,12890,11,75.45
2022,3,2022-03-03,12100,68,213,122,61,1240,1636,13804,82,589,871,63,1605,960,0,0,960,3290,2760,8609,11240,0.1,19,12564,11,75.43
2022,3,2022-03-04,11900,69,228,71,59,1190,1548,13517,104,292,863,64,1323,960,0,0,960,3210,2875,8490,11234,0.08,17,12327,9,75.42
2022,3,2022-03-05,12400,70,252,82,61,1140,1535,14006,137,197,862,63,1258,1022,0,0,1022,3200,2876,8984,11726,0.07,16,12866,9,75.38
2022,3,2022-03-06,12500,70,248,65,62,1190,1565,14135,127,587,817,53,1585,1016,0,0,1016,3220,2593,9066,11535,0.1,18,12945,11,75.36
2022,3,2022-03-07,12500,71,230,67,56,1190,1543,14114,137,589,817,12,1555,1006,0,0,1006,3140,2486,9149,11553,0.1,18,12924,11,75.33
2022,3,2022-03-08,12300,72,220,66,52,1170,1508,13881,140,781,855,0,1775,1045,0,0,1045,3010,2064,9070,11061,0.11,20,12711,13,75.33
2022,3,2022-03-09,12200,72,212,67,61,1110,1450,13722,113,293,892,0,1297,1037,0,0,1037,2880,2359,9101,11387,0.08,17,12612,10,75.32
2022,3,2022-03-10,12300,69,208,61,67,1120,1456,13825,92,297,853,0,1242,990,0,0,990,2770,2341,9322,11593,0.08,16,12705,9,75.29
2022,3,2022-03-11,12300,66,200,62,65,1040,1367,13733,125,295,818,0,1238,1103,0,0,1103,2770,2182,9287,11392,0.08,17,12693,10,75.28
2022,3,2022-03-12,12200,66,192,61,65,980,1298,13564,105,0,818,0,923,1066,0,0,1066,2880,2563,9087,11576,0.05,15,12584,8,75.26
2022,3,2022-03-13,12100,67,195,68,65,1010,1338,13505,101,0,783,0,884,1155,0,0,1155,2950,2653,8894,11466,0.05,15,12495,8,75.24
2022,3,2022-03-14,11500,67,203,75,51,997,1326,12893,108,594,814,0,1516,1203,0,0,1203,2960,1989,8270,10174,0.11,21,11896,14,75.3
2022,3,2022-03-15,10400,66,222,82,36,926,1266,11732,132,599,2653,0,3383,1206,687,0,519,2900,445,7421,7830,0.27,33,10806,28,75.53
2022,3,2022-03-16,9540,62,269,63,28,833,1193,10795,129,592,2687,0,3407,1228,687,0,541,2820,254,6630,6846,0.3,37,9962,31,75.83
2022,3,2022-03-17,9100,67,264,62,28,827,1181,10348,135,593,892,0,1620,1278,687,0,591,2760,1936,6242,8136,0.14,21,9521,15,76.01
2022,3,2022-03-18,9060,69,293,62,28,798,1181,10310,144,600,894,0,1637,1294,687,0,608,2750,1898,6209,8065,0.14,22,9512,15,76.18
2022,3,2022-03-19,8850,62,299,62,31,816,1208,10119,145,592,894,0,1631,1342,687,0,654,2740,1891,5988,7834,0.14,23,9303,16,76.36
2022,3,2022-03-20,8850,60,331,64,28,862,1285,10195,140,594,902,0,1637,1363,0,0,1363,2740,1502,5788,7195,0.14,29,9333,23,76.58
2022,3,2022-03-21,8830,59,291,60,27,869,1247,10136,121,600,905,0,1626,1403,0,0,1403,2690,1399,5806,7107,0.14,30,9267,23,76.8
2022,3,2022-03-22,8660,61,267,58,28,789,1142,9863,141,597,896,0,1635,1448,0,0,1448,2640,1205,5675,6779,0.15,31,9074,25,77.04
2022,3,2022-03-23,8340,64,285,58,29,740,1112,9516,141,592,906,0,1639,1455,0,0,1455,2550,1077,5447,6423,0.15,33,8776,27,77.3
2022,3,2022-03-24,8070,68,313,57,28,682,1080,9218,129,595,905,16,1645,1492,0,0,1492,2480,961,5240,6082,0.16,34,8536,29,77.58
2022,3,2022-03-25,8130,143,358,57,28,664,1107,9380,136,295,1804,2,2237,1490,0,0,1490,2450,353,5406,5653,0.22,40,8716,35,77.9
2022,3,2022-03-26,8230,131,394,58,30,691,1173,9533,136,287,1803,24,2250,1544,0,0,1544,2470,413,5459,5740,0.21,40,8842,35,78.18
2022,3,2022-03-27,8550,102,405,59,28,769,1261,9913,132,294,1409,31,1866,1558,1146,0,412,2580,1739,5957,7635,0.17,23,9144,17,78.27
2022,3,2022-03-28,9470,98,425,62,28,891,1406,10974,131,290,842,33,1295,1605,3209,0,-1604,2730,3916,7287,11283,0.1,-3,10635,-6,78.1
2022,3,2022-03-29,10100,106,417,58,28,1020,1523,11729,141,2499,2227,36,4903,1618,3209,0,-1591,2890,581,7762,8418,0.4,28,10709,21,78.13
2022,3,2022-03-30,10100,102,354,58,29,1020,1461,11663,134,1998,2705,54,4891,1618,3209,0,-1591,2900,558,7748,8364,0.4,28,10643,21,78.16
2022,3,2022-03-31,9910,96,324,58,28,1000,1410,11416,146,0,1540,37,1723,1649,3209,0,-1560,2870,3608,7573,11253,0.13,1,10416,-8,77.99
2022,4,2022-04-01,9970,93,306,144,28,986,1464,11527,155,592,900,36,1683,1701,2063,0,-362,2880,2933,7285,10207,0.13,11,10541,3,77.9
2022,4,2022-04-02,10100,92,290,151,29,969,1439,11631,145,597,896,48,1686,1696,0,0,1696,2890,1589,6827,8248,0.12,29,10662,23,77.96
2022,4,2022-04-03,9810,90,282,151,29,980,1442,11342,153,596,902,48,1700,1709,0,0,1709,2850,1530,6572,7934,0.13,30,10362,23,78.03
2022,4,2022-04-04,9660,90,274,164,29,937,1404,11155,163,588,909,47,1707,1756,0,0,1756,2750,1354,6509,7693,0.13,31,10218,25,78.12
2022,4,2022-04-05,9320,90,263,162,29,864,1318,10729,163,587,905,50,1705,1756,0,0,1756,2650,1172,6269,7268,0.13,32,9865,26,78.24
2022,4,2022-04-06,8660,90,251,162,29,803,1245,9995,158,596,900,60,1715,1635,0,0,1635,2470,998,5822,6645,0.13,34,9192,28,78.41
2022,4,2022-04-07,8260,91,240,160,30,742,1172,9522,156,597,895,51,1700,1708,0,0,1708,2300,713,5573,6114,0.15,36,8780,30,78.63
2022,4,2022-04-08,7970,92,234,162,29,677,1102,9165,155,592,903,51,1702,1774,0,0,1774,2220,518,5346,5688,0.15,38,8488,33,78.88
2022,4,2022-04-09,7770,95,225,161,32,686,1104,8969,153,591,899,63,1707,1774,0,0,1774,2210,517,5158,5488,0.16,39,8283,34,79.14
2022,4,2022-04-10,7030,96,212,162,31,748,1153,8279,151,593,900,56,1699,1790,0,0,1790,2080,426,4545,4790,0.17,42,7531,36,79.48
2022,4,2022-04-11,6850,96,225,163,30,766,1184,8130,164,597,901,48,1710,1796,687,0,1108,2210,1012,4426,5312,0.18,35,7364,28,79.73
2022,4,2022-04-12,7360,96,263,162,28,677,1130,8586,159,590,899,51,1699,1792,687,0,1105,2260,1024,4886,5782,0.17,33,7909,27,79.91
2022,4,2022-04-13,6920,97,217,161,25,646,1049,8066,140,593,908,76,1716,1844,687,0,1157,2300,956,4393,5192,0.18,36,7420,30,80.15
2022,4,2022-04-14,6580,97,201,161,41,591,994,7671,130,576,897,95,1698,1842,687,0,1155,2320,960,4033,4817,0.18,37,7080,32,80.42
2022,4,2022-04-15,6670,96,387,162,68,538,1155,7921,136,590,899,84,1710,1840,687,0,1152,2370,1150,4074,5059,0.18,36,7383,31,80.65
2022,4,2022-04-16,7020,97,459,164,93,565,1281,8398,71,596,901,78,1646,1860,1605,0,255,2420,1967,4626,6497,0.17,23,7833,17,80.71
2022,4,2022-04-17,7610,95,785,163,108,683,1739,9444,76,596,898,72,1643,1869,1605,0,264,2540,2537,5091,7538,0.15,20,8761,14,80.66
2022,4,2022-04-18,7900,95,621,163,121,1290,2195,10191,78,600,908,80,1666,1853,1605,0,248,2600,3049,5326,8277,0.14,19,8901,7,80.56
2022,4,2022-04-19,8440,98,614,163,145,1380,2302,10839,88,592,900,81,1661,1829,1834,0,-5,2660,3385,5879,9183,0.13,15,9459,3,80.4
2022,4,2022-04-20,8180,99,775,161,160,1330,2426,10705,174,592,902,80,1748,1812,1834,0,-22,2570,3342,5715,8979,0.13,16,9375,4,80.26
2022,4,2022-04-21,8110,96,1110,164,179,1250,2703,10909,326,588,898,80,1893,1828,2292,0,-464,2500,3691,5836,9480,0.13,13,9659,2,80.09
2022,4,2022-04-22,9110,94,2180,164,174,1320,3838,13042,310,593,899,75,1878,1837,2292,0,-455,2570,4900,6761,11619,0.11,11,11722,1,79.8
2022,4,2022-04-23,9970,94,1410,163,185,1460,3218,13281,313,594,893,76,1877,1838,2292,0,-454,2660,4371,7530,11858,0.11,11,11821,0,79.51
2022,4,2022-04-24,10300,95,1230,162,173,1560,3125,13520,289,596,901,76,1861,1908,2063,0,-155,2720,4160,7718,11814,0.11,13,11960,1,79.24
2022,4,2022-04-25,9630,96,1180,161,155,1410,2906,12632,314,593,902,76,1885,1905,2063,0,-158,2700,3900,7071,10905,0.11,14,11222,3,79.04
2022,4,2022-04-26,8620,96,1150,160,149,1120,2579,11295,324,596,900,91,1912,1877,0,0,1877,2600,2138,5591,7507,0.13,34,10175,26,79.09
2022,4,2022-04-27,7940,94,1050,160,130,879,2219,10253,355,595,913,90,1953,1884,0,0,1884,2500,1631,5006,6416,0.14,37,9374,32,79.24
2022,4,2022-04-28,7470,89,925,160,98,793,1976,9536,352,598,900,79,1929,1930,0,0,1930,2450,1321,4569,5676,0.15,40,8743,35,79.46
2022,4,2022-04-29,7200,83,809,160,98,802,1869,9152,333,591,905,75,1903,1929,0,0,1929,2430,1216,4313,5319,0.16,42,8350,36,79.71
2022,4,2022-04-30,6510,78,720,161,129,870,1880,8468,317,589,905,74,1885,1910,0,0,1910,2370,1197,3683,4673,0.17,45,7598,39,80.03
2022,5,2022-05-01,6420,77,662,161,139,1010,1972,8469,128,596,904,76,1703,1942,0,0,1942,2330,1412,3623,4824,0.17,43,7459,35,80.31
2022,5,2022-05-02,6420,76,607,159,139,920,1825,8321,153,589,915,83,1741,1941,0,0,1941,2270,1176,3682,4639,0.17,44,7401,37,80.6
2022,5,2022-05-03,6150,72,557,156,127,806,1646,7868,156,591,905,103,1755,1976,0,0,1976,2160,869,3509,4137,0.18,47,7062,41,80.95
2022,5,2022-05-04,5700,70,513,143,119,676,1451,7222,133,598,908,100,1740,2036,0,0,2036,2000,488,3200,3446,0.2,52,6546,47,81.4
2022,5,2022-05-05,5680,68,477,156,142,654,1429,7177,134,590,908,112,1744,2036,0,0,2036,1920,394,3257,3397,0.2,53,6523,48,81.83
2022,5,2022-05-06,5630,66,453,159,173,722,1507,7203,134,594,916,116,1759,2022,0,0,2022,1850,399,3279,3422,0.2,52,6481,47,82.23
2022,5,2022-05-07,5460,65,437,162,191,954,1744,7268,145,297,902,100,1443,2082,0,0,2082,1770,817,3172,3743,0.16,49,6314,41,82.56
2022,5,2022-05-08,5840,66,417,164,191,1180,1952,7858,162,292,904,94,1452,2097,0,0,2097,1760,991,3559,4309,0.15,45,6678,35,82.77
2022,5,2022-05-09,6320,67,408,164,179,1090,1841,8228,137,296,907,99,1438,2164,0,0,2164,1910,1005,3871,4625,0.14,44,7138,35,82.93
2022,5,2022-05-10,6950,70,377,162,160,858,1557,8576,155,298,908,105,1466,2163,0,0,2163,2130,920,4284,4948,0.14,42,7718,36,83.03
2022,5,2022-05-11,7820,68,353,163,148,723,1387,9276,149,597,916,93,1754,2185,0,0,2185,2350,656,4927,5336,0.16,42,8553,38,83.09
2022,5,2022-05-12,8120,70,330,161,164,677,1332,9522,174,591,907,87,1759,2237,0,0,2237,2480,686,5084,5526,0.15,42,8845,38,83.11
2022,5,2022-05-13,8130,80,315,161,168,695,1339,9549,186,590,907,96,1779,2247,0,0,2247,2590,785,4991,5523,0.15,42,8854,38,83.14
2022,5,2022-05-14,7800,83,304,159,164,792,1419,9302,146,592,902,109,1748,2301,0,0,2301,2640,924,4599,5252,0.16,44,8510,38,83.19
2022,5,2022-05-15,7530,80,291,160,150,820,1421,9031,145,591,907,110,1754,2272,0,0,2272,2630,930,4344,5005,0.16,45,8211,39,83.27
2022,5,2022-05-16,7930,81,285,162,139,708,1294,9305,152,595,915,114,1776,2334,0,0,2334,2670,784,4687,5194,0.16,44,8597,40,83.33
2022,5,2022-05-17,8000,83,276,160,141,580,1157,9240,187,596,911,108,1802,2385,0,0,2385,2670,583,4745,5053,0.16,45,8660,42,83.4
2022,5,2022-05-18,7780,83,252,160,161,582,1155,9018,169,595,905,96,1765,2353,0,0,2353,2590,547,4614,4900,0.16,46,8436,42,83.48
2022,5,2022-05-19,7710,80,219,160,187,528,1094,8884,179,593,914,98,1784,2427,0,0,2427,2510,340,4601,4672,0.16,47,8356,44,83.6
2022,5,2022-05-20,7600,75,204,160,190,487,1041,8716,175,595,910,97,1776,2457,0,0,2457,2400,164,4587,4482,0.16,49,8229,46,83.73
2022,5,2022-05-21,7570,70,195,161,185,535,1076,8716,168,595,903,104,1770,2481,0,0,2481,2390,187,4555,4464,0.16,49,8181,45,83.86
2022,5,2022-05-22,7770,70,184,162,188,594,1128,8968,178,594,901,107,1780,2519,0,0,2519,2410,227,4724,4668,0.16,48,8374,44,83.95
2022,5,2022-05-23,7680,68,175,161,178,574,1088,8837,184,592,902,109,1787,2577,0,0,2577,2420,155,4607,4473,0.16,49,8263,46,84.06
2022,5,2022-05-24,7440,64,167,159,162,503,991,8495,187,595,906,119,1807,2624,0,0,2624,2460,57,4310,4064,0.17,52,7992,49,84.23
2022,5,2022-05-25,6900,61,159,159,150,460,928,7889,184,597,915,107,1802,2664,0,0,2664,2470,-29,3745,3423,0.18,57,7429,54,84.5
2022,5,2022-05-26,6740,60,151,160,172,535,1018,7818,206,600,918,121,1845,2643,0,0,2643,2622,199,3438,3331,0.18,57,7283,54,84.78
2022,5,2022-05-27,7440,60,146,161,195,603,1105,8605,165,592,915,117,1789,2693,0,0,2693,3740,1422,3006,4122,0.16,52,8002,48,84.9
2022,5,2022-05-28,7630,60,141,161,214,676,1192,8882,126,295,909,96,1426,2772,0,0,2772,4410,2470,2504,4684,0.13,47,8206,43,84.93
2022,5,2022-05-29,8000,58,138,163,200,744,1245,9303,114,480,915,94,1602,2811,0,0,2811,4590,2500,2681,4890,0.14,47,8559,43,84.94
2022,5,2022-05-30,8060,55,135,161,173,754,1223,9338,114,296,910,92,1411,2871,0,0,2871,4480,2518,2831,5056,0.12,46,8584,41,84.92
2022,5,2022-05-31,7960,56,128,161,161,718,1168,9184,135,291,912,111,1448,2912,0,0,2912,3350,1287,3851,4823,0.12,47,8466,43,84.93
2022,6,2022-06-01,7890,58,122,45,154,686,1007,8955,134,298,908,116,1457,2939,0,0,2939,2507.8,263,4618,4559,0.12,49,8269,45,84.98
2022,6,2022-06-02,7710,58,115,33,166,680,994,8762,92,293,915,144,1445,3004,0,0,3004,2360,101,4567,4314,0.13,51,8082,47,85.06
2022,6,2022-06-03,7710,58,110,33,196,688,1027,8796,100,298,917,116,1431,3066,0,0,3066,2260,-21,4650,4299,0.13,51,8108,47,85.14
2022,6,2022-06-04,7860,58,106,33,196,738,1073,8991,102,291,906,98,1397,3117,0,0,3117,2290,39,4755,4478,0.12,50,8253,46,85.19
2022,6,2022-06-05,8120,59,109,33,191,785,1118,9297,115,298,908,100,1421,3187,458,0,2729,2330,354,5085,5147,0.12,45,8512,40,85.14
2022,6,2022-06-06,8350,61,143,33,190,766,1132,9542,78,298,904,93,1374,3226,458,0,2768,2440,492,5196,5401,0.12,43,8776,38,85.07
2022,6,2022-06-07,8440,65,160,33,174,680,1047,9552,71,294,905,94,1364,3273,458,0,2815,2510,458,5207,5373,0.12,44,8872,39,85
2022,6,2022-06-08,8710,74,110,33,160,649,952,9736,98,293,912,66,1369,3306,458,0,2848,2610,407,5376,5518,0.11,43,9087,39,84.92
2022,6,2022-06-09,8840,76,95,32,186,650,962,9878,126,295,907,48,1377,3349,458,0,2891,2670,425,5437,5611,0.11,43,9228,39,84.84
2022,6,2022-06-10,8600,76,89,31,253,633,1006,9681,157,294,910,83,1444,3397,0,0,3397,2690,127,5035,4841,0.11,50,9048,47,84.85
2022,6,2022-06-11,8420,76,82,31,272,674,1059,9555,153,298,910,101,1462,3457,0,0,3457,2690,141,4838,4636,0.12,51,8881,48,84.89
2022,6,2022-06-12,8530,77,78,32,272,723,1104,9711,157,297,913,66,1434,3486,0,0,3486,2720,191,4910,4791,0.11,51,8988,47,84.91
2022,6,2022-06-13,8940,78,80,31,259,702,1072,10090,130,300,912,60,1402,3563,0,0,3563,2750,165,5270,5125,0.11,49,9388,45,84.89
2022,6,2022-06-14,8800,76,95,31,247,632,1005,9882,82,291,912,54,1340,3618,0,0,3618,2710,78,5153,4923,0.11,50,9250,47,84.89
2022,6,2022-06-15,8760,74,85,31,241,639,996,9830,86,292,911,54,1344,3661,0,0,3661,2690,16,5119,4824,0.11,51,9191,48,84.9
2022,6,2022-06-16,8840,72,77,31,236,632,976,9888,86,289,912,58,1345,3709,0,0,3709,2680,-42,5194,4834,0.11,51,9256,48,84.91
2022,6,2022-06-17,9030,72,76,32,244,592,943,10046,110,285,907,85,1386,3759,0,0,3759,2690,-111,5360,4901,0.11,51,9454,48,84.91
2022,6,2022-06-18,9000,72,73,32,263,667,1035,10108,151,296,914,85,1445,3820,0,0,3820,2680,-129,5323,4842,0.11,52,9441,49,84.92
2022,6,2022-06-19,8800,72,72,36,275,746,1128,10000,148,288,899,71,1406,3886,0,0,3886,2660,-74,5124,4708,0.11,53,9254,49,84.95
2022,6,2022-06-20,8680,70,72,41,252,740,1104,9855,85,290,864,52,1291,3934,0,0,3934,2650,-43,4999,4629,0.11,53,9115,49,84.99
2022,6,2022-06-21,8440,69,70,31,242,644,987,9496,89,296,910,64,1359,3956,0,0,3956,2640,-240,4762,4181,0.12,56,8852,53,85.09
2022,6,2022-06-22,8350,69,66,31,249,636,982,9401,87,291,919,61,1358,4006,0,0,4006,2640,-279,4657,4037,0.12,57,8765,54,85.21
2022,6,2022-06-23,8470,69,60,31,271,710,1073,9611,86,292,921,58,1358,3997,0,0,3997,2650,-175,4770,4257,0.12,56,8901,52,85.29
2022,6,2022-06-24,8740,69,58,31,286,729,1104,9913,89,300,923,79,1390,4054,0,0,4054,2680,-162,4994,4469,0.11,55,9184,51,85.33
2022,6,2022-06-25,9160,69,55,31,282,721,1089,10318,81,399,924,87,1490,4105,0,0,4105,2690,-293,5390,4722,0.12,54,9597,51,85.33
2022,6,2022-06-26,9320,69,52,31,275,813,1171,10561,79,389,924,49,1441,4118,0,0,4118,2670,-227,5566,5001,0.12,53,9748,49,85.3
2022,6,2022-06-27,9890,69,50,32,277,840,1199,11158,74,394,922,43,1433,4177,0,0,4177,2720,-186,6070,5548,0.11,50,10318,46,85.2
2022,6,2022-06-28,10800,69,48,31,246,747,1072,11941,83,0,921,46,1050,4158,0,0,4158,2860,226,6845,6734,0.07,44,11194,40,84.98
2022,6,2022-06-29,11200,69,46,32,234,700,1011,12280,63,0,908,43,1013,4223,0,0,4223,2950,246,7136,7044,0.07,43,11580,39,84.74
2022,6,2022-06-30,11600,69,44,31,244,685,1004,12673,54,298,911,32,1295,4251,0,0,4251,3157,135,7322,7127,0.09,44,11988,41,84.51
2022,7,2022-07-01,12000,69,44,31,263,596,934,13003,63,300,1519,80,1962,4261,0,0,4261,4910,1193,5966,6781,0.14,48,12407,45,84.33
2022,7,2022-07-02,12300,73,43,31,272,534,880,13253,38,393,1656,86,2173,4217,0,0,4217,6350,2402,4842,6863,0.15,48,12719,46,84.15
2022,7,2022-07-03,12900,73,43,32,275,446,796,13770,61,593,1824,36,2515,4300,0,0,4300,6430,1953,5340,6955,0.17,49,13324,48,83.96
2022,7,2022-07-04,13400,69,44,31,246,382,703,14172,68,590,1803,26,2486,4312,0,0,4312,6410,1849,5852,7374,0.17,48,13790,47,83.75
2022,7,2022-07-05,13300,68,44,31,197,316,588,13956,57,597,1816,40,2510,4355,0,0,4355,6420,1708,5729,7092,0.17,49,13640,48,83.58
2022,7,2022-07-06,13100,68,44,31,164,263,502,13670,42,593,1814,25,2475,4361,0,0,4361,6430,1648,5517,6834,0.17,50,13407,49,83.44
2022,7,2022-07-07,12900,68,43,31,166,250,491,13459,76,592,1805,41,2514,4362,0,0,4362,6440,1622,5307,6583,0.18,51,13209,50,83.34
2022,7,2022-07-08,12500,66,46,31,225,232,535,13101,116,597,1812,64,2589,4388,0,0,4388,6410,1567,4927,6123,0.18,53,12869,52,83.28
2022,7,2022-07-09,12400,65,45,32,268,230,575,13041,120,596,1812,76,2603,4388,0,0,4388,6460,1655,4776,6049,0.18,54,12811,53,83.24
2022,7,2022-07-10,12500,67,43,31,282,280,637,13204,117,598,2372,43,3131,4386,0,0,4386,6540,1238,4799,5687,0.22,57,12924,56,83.24
2022,7,2022-07-11,12400,70,43,31,283,265,622,13091,117,593,2708,25,3443,4392,0,0,4392,6610,959,4630,5256,0.25,60,12826,59,83.28
2022,7,2022-07-12,12300,70,42,31,252,211,536,12906,121,598,2714,25,3459,4388,0,0,4388,6550,800,4591,5059,0.26,61,12695,60,83.36
2022,7,2022-07-13,12700,69,40,31,237,202,510,13279,119,591,2707,19,3436,4351,0,0,4351,6500,765,5051,5493,0.24,59,13077,58,83.37
2022,7,2022-07-14,12800,67,39,32,261,212,544,13411,122,587,2725,21,3455,4355,0,0,4355,6560,839,5088,5601,0.24,58,13199,58,83.37
2022,7,2022-07-15,12800,66,38,31,283,202,554,13421,119,594,2717,67,3498,4301,0,0,4301,6570,898,5092,5622,0.24,58,13219,57,83.37
2022,7,2022-07-16,12600,67,37,32,277,224,570,13237,117,584,2713,77,3490,4301,0,0,4301,6520,881,4942,5445,0.24,59,13013,58,83.39
2022,7,2022-07-17,12300,68,35,32,270,243,580,12948,106,593,2717,36,3451,4313,0,0,4313,6400,761,4761,5184,0.25,60,12705,59,83.44
2022,7,2022-07-18,12100,71,35,32,252,267,586,12757,112,597,2704,25,3437,4331,0,0,4331,6270,629,4688,4988,0.25,61,12490,60,83.51
2022,7,2022-07-19,12000,69,34,31,246,229,540,12609,87,597,2701,26,3411,4334,0,0,4334,6180,518,4675,4864,0.26,61,12380,61,83.6
2022,7,2022-07-20,12000,63,33,31,257,201,522,12586,102,593,2689,22,3407,4284,0,0,4284,6120,473,4744,4895,0.26,61,12385,60,83.67
2022,7,2022-07-21,11800,62,32,31,266,203,533,12394,136,593,2712,35,3475,4273,0,0,4273,6130,445,4535,4646,0.26,63,12191,62,83.78
2022,7,2022-07-22,11600,62,33,31,276,189,529,12191,135,599,2716,52,3503,4268,0,0,4268,6050,354,4417,4420,0.27,64,12002,63,83.91
2022,7,2022-07-23,11400,62,32,31,283,201,547,12009,135,590,2721,74,3520,4287,0,0,4287,5980,294,4282,4202,0.27,65,11808,64,84.06
2022,7,2022-07-24,11300,62,32,31,279,217,559,11922,159,593,2714,38,3504,4295,0,0,4295,5930,232,4230,4122,0.27,65,11705,65,84.23
2022,7,2022-07-25,11300,62,33,31,253,211,528,11890,174,584,2720,25,3502,4237,0,0,4237,5970,266,4206,4151,0.27,65,11679,64,84.37
2022,7,2022-07-26,11300,62,32,31,243,177,483,11845,146,586,2702,25,3459,4237,0,0,4237,5950,245,4225,4149,0.27,65,11668,64,84.51
2022,7,2022-07-27,11200,62,32,31,258,158,479,11740,150,598,2711,21,3480,4225,0,0,4225,5920,193,4159,4035,0.28,66,11582,65,84.66
2022,7,2022-07-28,11100,58,33,29,282,167,511,11669,127,600,2718,23,3467,4175,0,0,4175,5970,324,4019,4027,0.28,65,11502,65,84.81
2022,7,2022-07-29,10900,55,32,26,288,167,513,11469,111,595,2720,56,3483,4176,0,0,4176,6020,392,3766,3809,0.28,67,11302,66,84.98
2022,7,2022-07-30,11000,53,31,27,287,171,516,11569,111,595,2712,60,3479,4176,0,0,4176,5980,363,3904,3914,0.28,66,11398,66,85.12
2022,7,2022-07-31,11100,49,30,29,280,213,552,11700,111,595,2709,27,3443,4166,0,0,4166,5810,238,4172,4091,0.28,65,11487,64,85.23
2022,8,2022-08-01,11200,47,32,31,246,204,513,11760,120,597,2721,20,3459,4173,0,0,4173,5790,151,4288,4128,0.28,65,11556,64,85.32
2022,8,2022-08-02,11100,45,33,32,231,173,468,11613,131,593,2706,22,3452,4142,0,0,4142,5850,196,4135,4020,0.28,65,11440,65,85.43
2022,8,2022-08-03,10900,45,32,31,235,162,460,11404,136,592,2744,22,3495,4104,0,0,4104,5870,190,3926,3806,0.29,67,11242,66,85.57
2022,8,2022-08-04,10600,44,30,31,253,162,476,11120,134,593,2706,34,3468,4114,0,0,4114,5790,159,3702,3539,0.29,68,10958,68,85.75
2022,8,2022-08-05,10500,43,29,31,275,176,511,11054,135,599,2731,93,3558,4029,0,0,4029,5740,167,3675,3467,0.29,69,10878,68,85.93
2022,8,2022-08-06,10600,43,30,31,279,171,511,11154,134,583,2707,98,3522,4035,0,0,4035,5690,155,3823,3597,0.29,68,10983,67,86.07
2022,8,2022-08-07,10500,43,31,31,248,218,528,11071,135,594,2703,60,3492,3996,0,0,3996,5690,190,3734,3583,0.29,68,10853,67,86.21
2022,8,2022-08-08,10500,42,33,31,241,213,518,11060,133,592,2707,41,3473,3992,0,0,3992,5690,182,3735,3596,0.29,67,10847,67,86.34
2022,8,2022-08-09,10600,42,31,30,253,175,489,11131,133,591,2718,51,3493,3937,0,0,3937,5770,258,3770,3701,0.29,67,10956,66,86.45
2022,8,2022-08-10,10700,42,29,30,263,169,491,11233,132,592,2708,44,3477,3930,0,0,3930,5770,274,3871,3826,0.29,66,11064,65,86.53
2022,8,2022-08-11,10400,42,27,30,244,149,450,10892,70,597,2704,48,3419,3873,0,0,3873,5770,332,3587,3600,0.3,67,10743,66,86.64
2022,8,2022-08-12,10200,42,27,31,241,145,444,10686,33,688,2716,85,3522,3885,0,0,3885,5750,232,3404,3279,0.31,69,10541,69,86.81
2022,8,2022-08-13,10300,41,26,31,281,160,499,10840,33,693,2711,106,3543,3836,0,0,3836,5750,318,3517,3461,0.31,68,10680,68,86.93
2022,8,2022-08-14,10200,41,25,31,279,194,530,10771,33,695,2714,74,3517,3796,0,0,3796,5650,270,3528,3459,0.31,68,10577,67,87.05
2022,8,2022-08-15,9890,41,24,31,260,217,532,10463,45,691,2719,60,3515,3820,0,0,3820,5540,134,3321,3128,0.32,70,10246,69,87.22
2022,8,2022-08-16,9550,41,26,30,281,186,522,10113,108,690,2713,52,3563,3760,0,0,3760,5480,48,3058,2790,0.33,72,9927,72,87.46
2022,8,2022-08-17,9420,41,23,29,288,171,511,9972,147,699,2722,58,3626,3729,0,0,3729,5370,-111,3047,2617,0.34,74,9801,73,87.73
2022,8,2022-08-18,9420,42,22,27,284,200,533,9995,148,699,2718,57,3622,3679,0,0,3679,5220,-204,3212,2693,0.33,73,9795,73,87.96
2022,8,2022-08-19,9370,43,23,28,306,211,568,9980,145,694,2721,95,3655,3657,0,0,3657,5140,-229,3249,2669,0.34,73,9769,73,88.19
2022,8,2022-08-20,9300,44,22,31,301,206,560,9904,146,696,2705,103,3649,3665,0,0,3665,5100,-269,3218,2589,0.34,74,9698,73,88.42
2022,8,2022-08-21,9320,45,21,31,276,219,547,9912,146,687,2712,74,3617,3614,0,0,3614,5090,-256,3263,2681,0.34,73,9693,72,88.62
2022,8,2022-08-22,9740,45,20,31,251,225,528,10313,145,688,2579,60,3473,3562,0,0,3562,5150,-50,3638,3278,0.31,68,10088,68,88.68
2022,8,2022-08-23,9490,44,21,32,251,205,509,10043,152,696,2691,38,3577,3566,0,0,3566,5240,-107,3296,2900,0.33,71,9838,71,88.81
2022,8,2022-08-24,9140,42,21,32,275,182,510,9691,177,689,2703,23,3591,3512,0,0,3512,5200,-141,2998,2588,0.35,73,9509,73,89.01
2022,8,2022-08-25,9290,41,20,31,288,204,543,9875,170,697,2718,20,3604,3463,0,0,3463,5190,-102,3172,2808,0.34,72,9671,71,89.15
2022,8,2022-08-26,9410,41,20,31,307,221,579,10030,166,694,2710,55,3625,3406,0,0,3406,5250,45,3248,2999,0.33,70,9809,69,89.24
2022,8,2022-08-27,9320,41,20,31,289,223,563,9924,171,691,2722,66,3650,3399,0,0,3399,5340,111,3069,2876,0.34,71,9701,70,89.35
2022,8,2022-08-28,9470,42,19,31,252,249,551,10063,170,697,2715,36,3618,3364,0,0,3364,5380,163,3190,3081,0.34,69,9814,69,89.4
2022,8,2022-08-29,9390,42,19,31,233,257,540,9972,170,697,2706,23,3596,3325,0,0,3325,5290,96,3211,3052,0.34,69,9715,69,89.47
2022,8,2022-08-30,8610,42,20,31,255,230,536,9188,183,696,2706,23,3608,3266,0,0,3266,5140,-32,2598,2315,0.37,75,8958,74,89.7
2022,8,2022-08-31,8990,42,20,30,283,195,527,9559,213,690,2713,23,3639,3212,0,0,3212,5130,-46,3003,2709,0.35,72,9364,71,89.82
2022,9,2022-09-01,9180,41,19,31,295,200,545,9766,157,694,2736,17,3604,3158,0,0,3158,5190,96,3147,3004,0.35,69,9566,69,89.87
2022,9,2022-09-02,9030,41,18,32,306,198,554,9625,145,690,1818,49,2702,3144,0,0,3144,5110,967,3080,3778,0.25,61,9427,60,89.77
2022,9,2022-09-03,9340,41,18,32,312,206,568,9949,132,653,1813,48,2647,3150,0,0,3150,5040,962,3459,4153,0.25,58,9743,57,89.61
2022,9,2022-09-04,9430,41,18,34,311,193,556,10028,135,697,1805,20,2657,3064,0,0,3064,5160,1088,3453,4306,0.25,57,9835,56,89.44
2022,9,2022-09-05,9390,41,17,34,305,214,570,10001,133,695,1810,10,2647,3016,0,0,3016,5260,1232,3327,4338,0.25,57,9787,56,89.27
2022,9,2022-09-06,9470,41,17,34,307,198,556,10067,129,697,1812,3,2641,2976,0,0,2976,5210,1194,3468,4451,0.25,56,9869,55,89.1
2022,9,2022-09-07,9570,41,16,33,310,181,540,10151,129,689,1815,10,2643,2917,0,0,2917,5230,1241,3564,4591,0.24,55,9970,54,88.91
2022,9,2022-09-08,9400,41,15,33,309,204,561,10001,91,688,1811,4,2593,2868,0,0,2868,5380,1488,3258,4541,0.25,55,9797,54,88.74
2022,9,2022-09-09,9310,40,17,32,313,313,675,10025,170,695,1817,33,2714,2872,0,0,2872,5420,1547,3126,4439,0.25,56,9712,54,88.6
2022,9,2022-09-10,9600,40,19,34,303,361,717,10357,166,692,1813,58,2728,2824,0,0,2824,5350,1560,3499,4804,0.24,54,9996,52,88.41
2022,9,2022-09-11,9670,40,19,34,285,384,721,10431,164,698,1824,29,2715,2779,0,0,2779,5250,1479,3681,4937,0.24,53,10047,51,88.22
2022,9,2022-09-12,9060,39,19,33,267,434,753,9852,169,693,2704,2,3569,2718,0,0,2718,5230,651,3108,3566,0.34,64,9418,62,88.24
2022,9,2022-09-13,8500,39,19,33,261,360,673,9212,171,998,2709,4,3882,2669,0,0,2669,5090,151,2702,2661,0.4,71,8852,70,88.46
2022,9,2022-09-14,8520,38,19,33,271,277,600,9158,153,990,2717,12,3873,2611,0,0,2611,4930,-27,2897,2674,0.4,71,8881,70,88.65
2022,9,2022-09-15,8550,36,21,33,267,209,529,9115,145,998,2727,17,3887,2558,0,0,2558,4830,-174,3039,2669,0.4,71,8906,70,88.84
2022,9,2022-09-16,8280,36,22,33,266,219,540,8856,126,892,2714,43,3775,2559,0,0,2559,4780,-75,2819,2522,0.4,72,8637,71,89.06
2022,9,2022-09-17,7910,38,23,33,282,256,594,8542,135,896,2717,47,3795,2508,0,0,2508,4670,-113,2575,2240,0.42,74,8286,73,89.34
2022,9,2022-09-18,8130,38,23,34,271,292,620,8789,128,896,2715,16,3755,2468,0,0,2468,4540,-183,2937,2566,0.41,71,8497,70,89.52
2022,9,2022-09-19,8920,37,25,34,242,344,645,9602,145,695,2718,2,3560,2434,458,0,1976,4700,502,3703,4066,0.35,58,9258,56,89.39
2022,9,2022-09-20,9150,32,32,36,220,343,631,9813,96,694,2707,21,3517,2437,458,0,1979,4960,808,3668,4316,0.35,56,9470,54,89.22
2022,9,2022-09-21,8970,30,52,33,222,328,636,9635,79,1392,2711,33,4216,2384,458,0,1926,5040,241,3420,3494,0.42,64,9307,62,89.21
2022,9,2022-09-22,8950,32,52,32,250,326,659,9641,79,1491,2699,36,4305,2327,458,0,1869,5120,295,3339,3467,0.43,64,9315,63,89.2
2022,9,2022-09-23,8800,33,46,32,251,307,635,9468,106,1497,2696,53,4352,2325,458,0,1867,5220,343,3091,3249,0.44,66,9161,65,89.23
2022,9,2022-09-24,8590,33,41,32,240,305,618,9241,108,1498,2724,61,4391,2280,0,0,2280,5290,96,2695,2570,0.45,72,8936,71,89.41
2022,9,2022-09-25,8320,33,35,32,251,322,639,8993,118,1498,2723,64,4402,2235,0,0,2235,5200,47,2528,2355,0.47,74,8671,73,89.64
2022,9,2022-09-26,8170,34,32,35,233,346,646,8850,92,995,2706,44,3838,2233,0,0,2233,5110,511,2468,2779,0.42,69,8504,67,89.75
2022,9,2022-09-27,8070,34,30,34,220,272,556,8660,76,463,2706,41,3286,2200,0,0,2200,5040,921,2448,3174,0.37,63,8388,62,89.77
2022,9,2022-09-28,7930,33,28,35,233,238,534,8498,100,498,2718,33,3349,2169,0,0,2169,4940,749,2416,2980,0.37,65,8260,64,89.82
2022,9,2022-09-29,7560,33,27,34,255,225,541,8134,79,455,2726,37,3297,2150,0,0,2150,4870,754,2121,2688,0.39,67,7909,66,89.94
2022,9,2022-09-30,6810,34,26,34,239,217,516,7361,111,492,2718,36,3357,2118,0,0,2118,4760,578,1491,1886,0.43,74,7144,74,90.28
