YearAdj,Season,Region,SVIndex,YearType,Drought,Temperature,Salinity,Secchi
1975,Winter,Suisun Marsh,9.35,Wet,W,NA,NA,NA
1975,Winter,Suisun Bay,9.35,Wet,W,8.515,2.563003963964483,38.2
1975,Winter,Confluence,9.35,Wet,W,7.9071428571428575,0.1634875568341887,44.75
1975,Winter,SouthCentral,9.35,Wet,W,8.380952380952381,0.13769927921961672,53.41666666666667
1975,Winter,North,9.35,Wet,W,8,0.07233015936436939,43
1975,Spring,Suisun Marsh,9.35,Wet,W,NA,NA,NA
1975,Spring,Suisun Bay,9.35,Wet,W,13.59074074074074,0.9204569757843638,20.433333333333334
1975,Spring,Confluence,9.35,Wet,W,13.528,0.08412247994423744,30.316666666666666
1975,Spring,SouthCentral,9.35,Wet,W,13.761904761904763,0.11876644537899375,34.14285714285714
1975,Spring,North,9.35,Wet,W,13.333333333333334,0.06505035400343312,29.166666666666668
1975,Summer,Suisun Marsh,9.35,Wet,W,21.4525,1.2198524437430889,19.444444444444443
1975,Summer,Suisun Bay,9.35,Wet,W,19.924646206308612,2.6043041352018665,33.59622367465505
1975,Summer,Confluence,9.35,Wet,W,21.307183261183262,0.17635282177984948,36.6446127946128
1975,Summer,SouthCentral,9.35,Wet,W,22.65767195767196,0.10353611685494403,38.228473998294966
1975,Summer,North,9.35,Wet,W,19.833333333333332,0.06632682298702543,54.166666666666664
1975,Fall,Suisun Marsh,9.35,Wet,W,16.044444444444444,0.8963357339163943,27
1975,Fall,Suisun Bay,9.35,Wet,W,16.551491295442908,2.5290068002021404,27.53736442768701
1975,Fall,Confluence,9.35,Wet,W,16.563283950617283,0.15453968241324398,51.59135802469136
1975,Fall,SouthCentral,9.35,Wet,W,16.535449735449735,0.09923290185773524,53.264550264550266
1975,Fall,North,9.35,Wet,W,15,0.06632974575044158,67.5
1976,Winter,Suisun Marsh,5.29,Critical,D,8.933333333333334,0.8328144270420187,38.666666666666664
1976,Winter,Suisun Bay,5.29,Critical,D,10.408064516129032,7.31516099539265,51.28225806451613
1976,Winter,Confluence,5.29,Critical,D,9.806172839506173,0.6178594514055277,66.45308641975309
1976,Winter,SouthCentral,5.29,Critical,D,9.857142857142858,0.11852418463554161,68.23809523809524
1976,Winter,North,5.29,Critical,D,10,0.07303528917247958,82.66666666666667
1976,Spring,Suisun Marsh,5.29,Critical,D,NA,NA,NA
1976,Spring,Suisun Bay,5.29,Critical,D,15.180681818181819,8.257442699715597,32.125
1976,Spring,Confluence,5.29,Critical,D,15.733034816181362,1.2057941385690527,38.55769229546571
1976,Spring,SouthCentral,5.29,Critical,D,16.238095238095237,0.15599378437952566,45.467032967032964
1976,Spring,North,5.29,Critical,D,15.118518892923992,0.0736722218439516,68.78571460360573
1976,Summer,Suisun Marsh,5.29,Critical,D,22.458333333333336,7.655325884811354,35.16666666666667
1976,Summer,Suisun Bay,5.29,Critical,D,20.92111111111111,9.54469028440534,50.04404761904762
1976,Summer,Confluence,5.29,Critical,D,21.369846273292847,1.5865023975673327,38.462069053125795
1976,Summer,SouthCentral,5.29,Critical,D,22.53827838827839,0.18403857525165332,41.05238095238095
1976,Summer,North,5.29,Critical,D,21.456791135999893,0.07814638540832419,77.79166644480493
1976,Fall,Suisun Marsh,5.29,Critical,D,17.366666666666667,6.245428161026957,48.33333333333333
1976,Fall,Suisun Bay,5.29,Critical,D,18.562594696969697,9.083952529696113,73.73065476190476
1976,Fall,Confluence,5.29,Critical,D,19.013663772511148,1.7753288063576462,57.400916851684556
1976,Fall,SouthCentral,5.29,Critical,D,18.989791472144415,0.2254542942667943,55.6244942421413
1976,Fall,North,5.29,Critical,D,17.166666666666668,0.07711604883567852,80.16666666666667
1977,Winter,Suisun Marsh,3.11,Critical,D,7.833333333333333,6.758675363722437,42
1977,Winter,Suisun Bay,3.11,Critical,D,10.177586206896551,12.047255632098071,57.706896551724135
1977,Winter,Confluence,3.11,Critical,D,10.026470588235295,2.753146191117128,58.76078431372549
1977,Winter,SouthCentral,3.11,Critical,D,9.881428571428572,0.26900644127945006,57.58095238095238
1977,Winter,North,3.11,Critical,D,10.333333333333334,0.08550190949639457,98.66666666666667
1977,Spring,Suisun Marsh,3.11,Critical,D,NA,NA,NA
1977,Spring,Suisun Bay,3.11,Critical,D,15.433333333333334,13.043633036437177,62.083333333333336
1977,Spring,Confluence,3.11,Critical,D,15.646429367917197,3.39205677429699,39.47058824347515
1977,Spring,SouthCentral,3.11,Critical,D,15.785714285714286,0.33767532654817306,38.87179487179487
1977,Spring,North,3.11,Critical,D,15.77555597941081,0.10111898456735448,68.58000009536742
1977,Summer,Suisun Marsh,3.11,Critical,D,21.032222222222224,12.816072490725166,65
1977,Summer,Suisun Bay,3.11,Critical,D,20.412916666666668,14.582343384627096,72.48095238095237
1977,Summer,Confluence,3.11,Critical,D,21.817338676491083,3.3692160948255214,44.31481481922997
1977,Summer,SouthCentral,3.11,Critical,D,24.01510101010101,0.3788432508155332,43.7979797979798
1977,Summer,North,3.11,Critical,D,23.480600608341284,0.09239215910254085,77.23041488058556
1977,Fall,Suisun Marsh,3.11,Critical,D,17.11111111111111,12.212897231955239,51.88888888888889
1977,Fall,Suisun Bay,3.11,Critical,D,17.68773148148148,14.90961008226363,79.70684523809524
1977,Fall,Confluence,3.11,Critical,D,18.14666881374128,3.9344459581835856,48.87512195121951
1977,Fall,SouthCentral,3.11,Critical,D,18.990849673202614,0.4233202016526675,52.36013071895425
1977,Fall,North,3.11,Critical,D,18.166666666666668,0.12238309850343285,82.5
1978,Winter,Suisun Marsh,8.65,Above Normal,N,12.566666666666666,4.664647107015715,39
1978,Winter,Suisun Bay,8.65,Above Normal,N,11.361884978820463,5.818347564707007,36.188378033205616
1978,Winter,Confluence,8.65,Above Normal,N,11.154817275747508,1.3714265245738035,28.513675213675214
1978,Winter,SouthCentral,8.65,Above Normal,N,11.075793650793651,0.2837297841187664,34.11904761904762
1978,Winter,North,8.65,Above Normal,N,11.333333333333334,0.09290128479730109,35.333333333333336
1978,Spring,Suisun Marsh,8.65,Above Normal,N,15.5,0.9621249372271002,16.5
1978,Spring,Suisun Bay,8.65,Above Normal,N,15.663383838383838,0.6217705180087886,24.73850574712644
1978,Spring,Confluence,8.65,Above Normal,N,15.762966094251137,0.10144169773375906,31.39109931487163
1978,Spring,SouthCentral,8.65,Above Normal,N,16.59220779220779,0.12988091901947918,35.23006993006993
1978,Spring,North,8.65,Above Normal,N,13.666666666666666,0.057228875343002965,28.666666666666668
1978,Summer,Suisun Marsh,8.65,Above Normal,N,20.86504761904762,4.684411595328079,23.45
1978,Summer,Suisun Bay,8.65,Above Normal,N,20.348055555555554,7.249742063912405,36.34761904761905
1978,Summer,Confluence,8.65,Above Normal,N,21.838146603096114,0.8712139637140839,29.867089375705966
1978,Summer,SouthCentral,8.65,Above Normal,N,23.87743386243386,0.14450427013750888,35.15199615199615
1978,Summer,North,8.65,Above Normal,N,22.074074476193168,0.07087693719512665,63.397435830189636
1978,Fall,Suisun Marsh,8.65,Above Normal,N,17.076666666666668,4.129449365048236,22.666666666666668
1978,Fall,Suisun Bay,8.65,Above Normal,N,17.53770770770771,5.486119921522336,28.007381507381506
1978,Fall,Confluence,8.65,Above Normal,N,17.43407027743778,0.504175389823112,39.90897788466177
1978,Fall,SouthCentral,8.65,Above Normal,N,17.128508771929823,0.12344562119528713,56.82236842105263
1978,Fall,North,8.65,Above Normal,N,15.833333333333334,0.06928401965175832,65.83333333333333
1979,Winter,Suisun Marsh,6.67,Below Normal,N,9.241666666666667,2.578529082292625,22.958333333333336
1979,Winter,Suisun Bay,6.67,Below Normal,N,9.489116379310344,3.763803633899066,30.47142857142857
1979,Winter,Confluence,6.67,Below Normal,N,9.21570313629137,0.26750323513738317,38.34699074074074
1979,Winter,SouthCentral,6.67,Below Normal,N,9.735497835497835,0.1431038215202206,40.83279220779221
1979,Winter,North,6.67,Below Normal,N,9.666666666666666,0.07000100600359536,48.666666666666664
1979,Spring,Suisun Marsh,6.67,Below Normal,N,16.22222222222222,1.5905546610815073,19.666666666666668
1979,Spring,Suisun Bay,6.67,Below Normal,N,14.991666666666667,1.8959366438410115,26.625
1979,Spring,Confluence,6.67,Below Normal,N,15.892948646263541,0.16014850727998192,36.00661377992474
1979,Spring,SouthCentral,6.67,Below Normal,N,16.023809523809526,0.1352209034991807,41.61904761904762
1979,Spring,North,6.67,Below Normal,N,14.333333333333334,0.0721561014556512,51.333333333333336
1979,Summer,Suisun Marsh,6.67,Below Normal,N,22.43952380952381,4.577628821546885,25.876190476190477
1979,Summer,Suisun Bay,6.67,Below Normal,N,20.85236111111111,7.094947226269885,34.52619047619048
1979,Summer,Confluence,6.67,Below Normal,N,22.00993028868533,1.0104522038958639,29.867943415492054
1979,Summer,SouthCentral,6.67,Below Normal,N,23.547519841269843,0.13922025056128864,37.22936507936508
1979,Summer,North,6.67,Below Normal,N,20.830247455173065,0.07183785262548564,73.8333333267106
1979,Fall,Suisun Marsh,6.67,Below Normal,N,16.658730158730158,7.511112156481159,35.5
1979,Fall,Suisun Bay,6.67,Below Normal,N,18.65,8.415790329336897,46.986111111111114
1979,Fall,Confluence,6.67,Below Normal,N,19.238654401154403,1.2333969547327286,43.22592592592593
1979,Fall,SouthCentral,6.67,Below Normal,N,17.88095238095238,0.16947502511768958,54.952380952380956
1979,Fall,North,6.67,Below Normal,N,16.333333333333332,0.0918533152516848,81.83333333333333
1980,Winter,Suisun Marsh,9.04,Above Normal,N,10.213333333333335,1.9774804798125512,17.583333333333336
1980,Winter,Suisun Bay,9.04,Above Normal,N,10.613253968253968,3.02594343304098,28.09090909090909
1980,Winter,Confluence,9.04,Above Normal,N,10.489311464767011,0.23228493901440816,33.93333353201548
1980,Winter,SouthCentral,9.04,Above Normal,N,10.071428571428573,0.11723100023305301,34.57142857142857
1980,Winter,North,9.04,Above Normal,N,10,0.07063637128282413,61
1980,Spring,Suisun Marsh,9.04,Above Normal,N,15.758336400441662,1.0047921787598686,18.38768489852081
1980,Spring,Suisun Bay,9.04,Above Normal,N,15.062384716732543,1.1326471653314811,26.644444444444442
1980,Spring,Confluence,9.04,Above Normal,N,15.26536621351135,0.0898689552176309,41.49580938503203
1980,Spring,SouthCentral,9.04,Above Normal,N,15.683150183150182,0.10533109433858412,45.57179487179487
1980,Spring,North,9.04,Above Normal,N,13.833333333333334,0.06441258981108995,60.166666666666664
1980,Summer,Suisun Marsh,9.04,Above Normal,N,21.234399772579597,1.7304231617441026,18.094757094757096
1980,Summer,Suisun Bay,9.04,Above Normal,N,19.76679130116959,3.413337108964002,22.910694244027578
1980,Summer,Confluence,9.04,Above Normal,N,20.961868912505523,0.23087300685764484,38.00276236099893
1980,Summer,SouthCentral,9.04,Above Normal,N,22.45425641025641,0.11599631967353857,44.77777777777778
1980,Summer,North,9.04,Above Normal,N,20.080741246541344,0.07223753232157834,74.38461523178296
1980,Fall,Suisun Marsh,9.04,Above Normal,N,17.59768115942029,4.639018567633275,27.099242424242423
1980,Fall,Suisun Bay,9.04,Above Normal,N,17.1827457933528,5.916324717874868,34.69957264957265
1980,Fall,Confluence,9.04,Above Normal,N,17.458273420804293,0.5149930087086294,47.070618448737314
1980,Fall,SouthCentral,9.04,Above Normal,N,17.52733918128655,0.13574948907088355,55.425438596491226
1980,Fall,North,9.04,Above Normal,N,16.333333333333332,0.08504009521178293,83.33333333333333
1981,Winter,Suisun Marsh,6.21,Dry,N,10.208253968253969,3.9136285074066155,25.87167277167277
1981,Winter,Suisun Bay,6.21,Dry,N,10.452002164502165,5.560914983360817,31.73939393939394
1981,Winter,Confluence,6.21,Dry,N,10.429661400386266,0.6338239612326033,36.75396823930362
1981,Winter,SouthCentral,6.21,Dry,N,10.45974025974026,0.16031643009403126,59.66233766233766
1981,Winter,North,6.21,Dry,N,9.333333333333334,0.07750451732831172,48.666666666666664
1981,Spring,Suisun Marsh,6.21,Dry,N,16.97912457912458,3.037777134466732,19.297619047619047
1981,Spring,Suisun Bay,6.21,Dry,N,16.19063492063492,4.325993136919611,29.51904761904762
1981,Spring,Confluence,6.21,Dry,N,16.926655459705533,0.38544460355081833,37.168142780921535
1981,Spring,SouthCentral,6.21,Dry,N,17.952380952380953,0.16144651093506784,44.23809523809524
1981,Spring,North,6.21,Dry,N,15.833333333333334,0.08255130675676974,60.666666666666664
1981,Summer,Suisun Marsh,6.21,Dry,N,22.006626180836708,6.753621378152342,27.615530303030305
1981,Summer,Suisun Bay,6.21,Dry,N,20.87825396825397,9.137280541398344,43.08427128427129
1981,Summer,Confluence,6.21,Dry,N,22.408097675408413,1.3421039171543696,36.54298080950883
1981,Summer,SouthCentral,6.21,Dry,N,24.06965367965368,0.185403205945798,44.7037037037037
1981,Summer,North,6.21,Dry,N,21.858565370241802,0.08310364422798114,79.06249984602134
1981,Fall,Suisun Marsh,6.21,Dry,N,17.888119658119656,8.748364743527649,38.587606837606835
1981,Fall,Suisun Bay,6.21,Dry,N,17.2651221001221,10.111717337601863,50.21209781209781
1981,Fall,Confluence,6.21,Dry,N,18.084836563307494,1.68860275435789,46.620392536859704
1981,Fall,SouthCentral,6.21,Dry,N,18.994332801701223,0.23459520443542115,60.51536416799575
1981,Fall,North,6.21,Dry,N,17.833333333333332,0.10151211775479883,64.33333333333333
1982,Winter,Suisun Marsh,12.76,Wet,W,8.911904761904761,0.783653537811441,20.555555555555557
1982,Winter,Suisun Bay,12.76,Wet,W,9.50073145245559,1.4400983086789643,28.632183908045977
1982,Winter,Confluence,12.76,Wet,W,10.275757575757575,0.09201150709541388,32.52884615384615
1982,Winter,SouthCentral,12.76,Wet,W,9.486904761904762,0.1441859195755899,43.80952380952381
1982,Winter,North,12.76,Wet,W,8,0.0624958367038827,53.333333333333336
1982,Spring,Suisun Marsh,12.76,Wet,W,14.948688811188811,0.47182147113830514,21.00462962962963
1982,Spring,Suisun Bay,12.76,Wet,W,13.780000000000001,0.3396847347222195,28.08787878787879
1982,Spring,Confluence,12.76,Wet,W,14.739573251484911,0.07431546743458374,42.32185982832394
1982,Spring,SouthCentral,12.76,Wet,W,16.299999999999997,0.10679587268014318,55.44155844155844
1982,Spring,North,12.76,Wet,W,12.5,0.05211175895622998,36.5
1982,Summer,Suisun Marsh,12.76,Wet,W,20.345982142857142,0.9377244898124131,18.802255639097744
1982,Summer,Suisun Bay,12.76,Wet,W,19.859255026455028,2.179347587764912,27.154497354497355
1982,Summer,Confluence,12.76,Wet,W,21.270189087017865,0.15076228865722788,39.93071894183073
1982,Summer,SouthCentral,12.76,Wet,W,22.682727272727274,0.1222194482699609,43.24074074074074
1982,Summer,North,12.76,Wet,W,20.166666666666668,0.06832152646561977,64.83333333333333
1982,Fall,Suisun Marsh,12.76,Wet,W,16.399053724053722,0.8991850843602179,23.206099456099455
1982,Fall,Suisun Bay,12.76,Wet,W,16.813902988354208,1.8600476051973813,27.229054054054053
1982,Fall,Confluence,12.76,Wet,W,16.390608228980323,0.0999405987884282,61.483364252744096
1982,Fall,SouthCentral,12.76,Wet,W,16.8546783625731,0.09721548910923362,57.37309941520468
1982,Fall,North,12.76,Wet,W,15.5,0.07095600847707108,61.833333333333336
1983,Winter,Suisun Marsh,15.29,Wet,W,9.609361471861472,0.3873032029973789,25.066666666666666
1983,Winter,Suisun Bay,15.29,Wet,W,10.064864864864864,0.3261191758305941,25.99831081081081
1983,Winter,Confluence,15.29,Wet,W,10.368353174603174,0.09085195572598971,29.563492063492063
1983,Winter,SouthCentral,15.29,Wet,W,9.707407407407407,0.1044121290752176,36.6931216931217
1983,Winter,North,15.29,Wet,W,8.666666666666666,0.05211897516597318,22
1983,Spring,Suisun Marsh,15.29,Wet,W,15.008333333333333,0.29501249220017556,16.714285714285715
1983,Spring,Suisun Bay,15.29,Wet,W,13.298787878787879,0.09473152838007672,25.05151515151515
1983,Spring,Confluence,15.29,Wet,W,14.18673709617487,0.0968608810525033,37.36880875727585
1983,Spring,SouthCentral,15.29,Wet,W,14.095238095238095,0.12181901485198186,46.714285714285715
1983,Spring,North,15.29,Wet,W,11.333333333333334,0.048128103395611445,21.333333333333332
1983,Summer,Suisun Marsh,15.29,Wet,W,20.22674074074074,0.22453253960706251,21.261507936507936
1983,Summer,Suisun Bay,15.29,Wet,W,21.261765480895914,0.570778468916469,33.59156785243742
1983,Summer,Confluence,15.29,Wet,W,21.355272169276983,0.06895851369338897,48.80394645966623
1983,Summer,SouthCentral,15.29,Wet,W,22.50563074352548,0.08210099566055873,43.50543024227235
1983,Summer,North,15.29,Wet,W,19,0.04764920543624298,55.333333333333336
1983,Fall,Suisun Marsh,15.29,Wet,W,17.730555555555554,0.24611124962359718,30.733333333333334
1983,Fall,Suisun Bay,15.29,Wet,W,19.201576576576578,1.0062142906744531,40.86911911911912
1983,Fall,Confluence,15.29,Wet,W,17.933608957795006,0.07998048248339908,65.8120585701981
1983,Fall,SouthCentral,15.29,Wet,W,17.82941919191919,0.08837920188652945,54.82954545454545
1983,Fall,North,15.29,Wet,W,16.333333333333332,0.06042050231619667,90
1984,Winter,Suisun Marsh,10,Wet,W,9.745833333333334,0.33059836365979367,26.48611111111111
1984,Winter,Suisun Bay,10,Wet,W,10.071632996632996,0.6849484638238846,37.926767676767675
1984,Winter,Confluence,10,Wet,W,10.309346567411083,0.10088013274148407,49.61786600496278
1984,Winter,SouthCentral,10,Wet,W,10.6,0.12446801233740294,57.733333333333334
1984,Winter,North,10,Wet,W,8.666666666666666,0.06616780711666007,42.666666666666664
1984,Spring,Suisun Marsh,10,Wet,W,17.325,0.4976008439778666,20.75
1984,Spring,Suisun Bay,10,Wet,W,15.106060606060606,2.9086470158928237,37.63636363636364
1984,Spring,Confluence,10,Wet,W,15.7600196585696,0.22860581716221698,57.54543424655444
1984,Spring,SouthCentral,10,Wet,W,16.066666666666666,0.1426142748948838,62.06666666666667
1984,Spring,North,10,Wet,W,13.666666666666666,0.0744683189142994,56
1984,Summer,Suisun Marsh,10,Wet,W,22.45611111111111,3.820419370968631,31.1
1984,Summer,Suisun Bay,10,Wet,W,21.200673400673402,5.86881968465927,41.2027195027195
1984,Summer,Confluence,10,Wet,W,22.527084670787904,0.38530635865417556,46.24979482655796
1984,Summer,SouthCentral,10,Wet,W,24.450185185185184,0.14366441649039358,45.162962962962965
1984,Summer,North,10,Wet,W,20.666666666666668,0.06800341135066096,78.33333333333333
1984,Fall,Suisun Marsh,10,Wet,W,17.54537037037037,2.9073574699038307,33.714285714285715
1984,Fall,Suisun Bay,10,Wet,W,18.394882154882154,4.69327577300061,39.682539682539684
1984,Fall,Confluence,10,Wet,W,17.905818493517625,0.24464050696423484,65.05799076387312
1984,Fall,SouthCentral,10,Wet,W,17.229166666666668,0.13652833886708232,59.145833333333336
1984,Fall,North,10,Wet,W,15,0.0736704636419326,65
1985,Winter,Suisun Marsh,6.47,Dry,N,9.15,1.6469487186200267,26.857142857142858
1985,Winter,Suisun Bay,6.47,Dry,N,9.022222222222222,3.8429535282851783,47.5991341991342
1985,Winter,Confluence,6.47,Dry,N,9.091990066990068,0.2218782143372082,65.08616308616308
1985,Winter,SouthCentral,6.47,Dry,N,9.71111111111111,0.139804321061851,69.8
1985,Winter,North,6.47,Dry,N,8.666666666666666,0.07271336521435214,60.666666666666664
1985,Spring,Suisun Marsh,6.47,Dry,N,16.57,2.77819145162425,23.133333333333333
1985,Spring,Suisun Bay,6.47,Dry,N,14.870909090909091,7.7167941149812656,49.66060606060606
1985,Spring,Confluence,6.47,Dry,N,15.647625696459752,0.5782998891196719,55.68833457247714
1985,Spring,SouthCentral,6.47,Dry,N,16.96969696969697,0.15698714455134138,71.43434343434343
1985,Spring,North,6.47,Dry,N,15.333333333333334,0.0796640941883824,102.33333333333333
1985,Summer,Suisun Marsh,6.47,Dry,N,21.67753968253968,5.947817698496559,29.738095238095237
1985,Summer,Suisun Bay,6.47,Dry,N,20.66079365079365,8.995876123742383,52.56825396825397
1985,Summer,Confluence,6.47,Dry,N,21.66859039644376,1.0421030691896644,51.08956525394882
1985,Summer,SouthCentral,6.47,Dry,N,23.77148611111111,0.20471266120086778,57.88611111111111
1985,Summer,North,6.47,Dry,N,21.833333333333332,0.07830603549723278,72.83333333333333
1985,Fall,Suisun Marsh,6.47,Dry,N,15.85020202020202,8.040673028500827,49.77460317460317
1985,Fall,Suisun Bay,6.47,Dry,N,17.343153153153153,10.891467678034575,73.48547297297297
1985,Fall,Confluence,6.47,Dry,N,17.359599756968176,1.8008049211045012,73.82000835421888
1985,Fall,SouthCentral,6.47,Dry,N,16.901593137254903,0.28543099155652674,85.51789215686274
1985,Fall,North,6.47,Dry,N,16.166666666666668,0.08350348913250431,96.33333333333333
1986,Winter,Suisun Marsh,9.96,Wet,N,11.65,3.8415713131730005,27.78333333333333
1986,Winter,Suisun Bay,9.96,Wet,N,10.139225589225589,6.869111858917493,52.26406926406926
1986,Winter,Confluence,9.96,Wet,N,10.158212058212058,1.2285433248602227,57.64229614229614
1986,Winter,SouthCentral,9.96,Wet,N,10.5,0.26124162995911426,77.11111111111111
1986,Winter,North,9.96,Wet,N,10,0.09638619313364916,55.333333333333336
1986,Spring,Suisun Marsh,9.96,Wet,N,18.235714285714284,1.0909663529515436,19.61111111111111
1986,Spring,Suisun Bay,9.96,Wet,N,15.592592592592593,0.8451258709313714,23.73148148148148
1986,Spring,Confluence,9.96,Wet,N,16.23076925373078,0.11572726965903825,35.53861701092155
1986,Spring,SouthCentral,9.96,Wet,N,16.444444444444443,0.09759261755930378,48.25925925925926
1986,Spring,North,9.96,Wet,N,14.666666666666666,0.06185426960049281,50.666666666666664
1986,Summer,Suisun Marsh,9.96,Wet,N,20.914097222222225,3.2864673147619445,22.0625
1986,Summer,Suisun Bay,9.96,Wet,N,19.824535353535353,5.632770966331501,29.416161616161617
1986,Summer,Confluence,9.96,Wet,N,21.26157408281693,0.42567978103606896,31.463673700243653
1986,Summer,SouthCentral,9.96,Wet,N,23.468125,0.13434808509279156,42.53888888888889
1986,Summer,North,9.96,Wet,N,21.833333333333332,0.07319285952794968,68
1986,Fall,Suisun Marsh,9.96,Wet,N,17.125925925925927,3.281158344198157,25.857142857142858
1986,Fall,Suisun Bay,9.96,Wet,N,17.63765303765304,5.611795101448289,39.829054054054055
1986,Fall,Confluence,9.96,Wet,N,17.200503092944952,0.4917708902108469,39.074954976117766
1986,Fall,SouthCentral,9.96,Wet,N,17.371301247771836,0.16668414829501987,55.096256684491976
1986,Fall,North,9.96,Wet,N,15.833333333333334,0.06896188918999847,81.33333333333333
1987,Winter,Suisun Marsh,5.86,Dry,D,9.85,4.2372454075015025,31.185185185185187
1987,Winter,Suisun Bay,5.86,Dry,D,10.382309582309581,8.494021210155548,49.8984438984439
1987,Winter,Confluence,5.86,Dry,D,10.532407407407408,1.248902644010704,57.49074074074074
1987,Winter,SouthCentral,5.86,Dry,D,10.133333333333333,0.15839909031894564,84.8
1987,Winter,North,5.86,Dry,D,9.333333333333334,0.07590610787283236,74.66666666666667
1987,Spring,Suisun Marsh,5.86,Dry,D,17.494444444444444,2.750931571318745,22.116666666666667
1987,Spring,Suisun Bay,5.86,Dry,D,16.215757575757575,5.884122782146923,48.25858585858585
1987,Spring,Confluence,5.86,Dry,D,16.422940233143766,0.731323679442739,43.496993907603944
1987,Spring,SouthCentral,5.86,Dry,D,17.805555555555557,0.17611068221027165,66
1987,Spring,North,5.86,Dry,D,16,0.08437668321496314,90.83333333333333
1987,Summer,Suisun Marsh,5.86,Dry,D,20.78511111111111,7.203407884576232,30.703703703703702
1987,Summer,Suisun Bay,5.86,Dry,D,20.51141093474427,10.374440293006199,39.01058201058201
1987,Summer,Confluence,5.86,Dry,D,21.15993102836913,1.647416965923639,43.16823132862705
1987,Summer,SouthCentral,5.86,Dry,D,22.95983796296296,0.2404681711710976,53.386574074074076
1987,Summer,North,5.86,Dry,D,21.666666666666668,0.07958685982259209,62
1987,Fall,Suisun Marsh,5.86,Dry,D,17.24973544973545,8.519113033097904,43.52777777777778
1987,Fall,Suisun Bay,5.86,Dry,D,18.202928913904522,11.905144503221385,51.29675839066083
1987,Fall,Confluence,5.86,Dry,D,18.480144844673145,2.4183837117083957,64.99252525252525
1987,Fall,SouthCentral,5.86,Dry,D,19.50980392156863,0.3205693570968584,77.97285067873302
1987,Fall,North,5.86,Dry,D,18.666666666666668,0.08702130357594827,92.5
1988,Winter,Suisun Marsh,4.65,Critical,D,10.211111111111112,4.690428044863499,30.158730158730158
1988,Winter,Suisun Bay,4.65,Critical,D,10.391646191646192,9.48171920000252,45.46027846027846
1988,Winter,Confluence,4.65,Critical,D,10.246096866096867,1.6079829431120463,44.16994633273703
1988,Winter,SouthCentral,4.65,Critical,D,10.570707070707071,0.2679713033183277,70.55555555555556
1988,Winter,North,4.65,Critical,D,10,0.09461822697444429,94.33333333333333
1988,Spring,Suisun Marsh,4.65,Critical,D,17.599999999999998,4.127474374150909,27.583333333333332
1988,Spring,Suisun Bay,4.65,Critical,D,16.555555555555557,9.522759676472333,47.977777777777774
1988,Spring,Confluence,4.65,Critical,D,16.81712325661541,1.6451737360143959,44.89125677813781
1988,Spring,SouthCentral,4.65,Critical,D,17.25,0.23292930610386373,74.19444444444444
1988,Spring,North,4.65,Critical,D,16.166666666666668,0.08454229051322788,86
1988,Summer,Suisun Marsh,4.65,Critical,D,22.00902525252525,7.3810928530569075,35.11190476190476
1988,Summer,Suisun Bay,4.65,Critical,D,20.270786883029075,10.580308543581495,36.61660561660562
1988,Summer,Confluence,4.65,Critical,D,21.379582811200617,1.8207602848021573,41.48632175393118
1988,Summer,SouthCentral,4.65,Critical,D,23.382625,0.27365524020656984,46.854166666666664
1988,Summer,North,4.65,Critical,D,21.333333333333332,0.08014746663858542,91.66666666666667
1988,Fall,Suisun Marsh,4.65,Critical,D,15.622121212121211,5.551919953162932,39.08730158730159
1988,Fall,Suisun Bay,4.65,Critical,D,17.451591218305506,12.16434958856615,40.03250750750751
1988,Fall,Confluence,4.65,Critical,D,17.958018196856905,2.329998616244337,61.91257014590348
1988,Fall,SouthCentral,4.65,Critical,D,19.38716577540107,0.35516579744444726,80.76648841354724
1988,Fall,North,4.65,Critical,D,19.166666666666668,0.08861972671096571,103.83333333333333
1989,Winter,Suisun Marsh,6.13,Dry,D,7.833333333333334,3.2517945211444546,36.08333333333333
1989,Winter,Suisun Bay,6.13,Dry,D,9.860888888888889,13.307937315424455,39.64576802507837
1989,Winter,Confluence,6.13,Dry,D,9.881031746031747,3.1793845902522113,55.31730769230769
1989,Winter,SouthCentral,6.13,Dry,D,9,0.32888602586281307,94.66666666666667
1989,Winter,North,6.13,Dry,D,9,0.09590037222745214,85.33333333333333
1989,Spring,Suisun Marsh,6.13,Dry,D,17.246666666666666,1.9932887055103212,18.55
1989,Spring,Suisun Bay,6.13,Dry,D,15.568409356725146,4.995384449996451,34.09292929292929
1989,Spring,Confluence,6.13,Dry,D,16.155122082396684,0.5675478934471023,36.8093754482278
1989,Spring,SouthCentral,6.13,Dry,D,17.694444444444443,0.14483943849696262,64.83333333333333
1989,Spring,North,6.13,Dry,D,15,0.0627347691413889,70
1989,Summer,Suisun Marsh,6.13,Dry,D,20.915873015873014,5.661907782051178,26.12962962962963
1989,Summer,Suisun Bay,6.13,Dry,D,19.996329824561403,7.33697499184699,32.801587301587304
1989,Summer,Confluence,6.13,Dry,D,21.188268244611823,0.7567140695314731,43.691488418587056
1989,Summer,SouthCentral,6.13,Dry,D,23.280763888888888,0.15771444084804945,53.6875
1989,Summer,North,6.13,Dry,D,20.833333333333332,0.0712793794920033,78
1989,Fall,Suisun Marsh,6.13,Dry,D,17.552592592592593,5.257729196852502,35.71111111111111
1989,Fall,Suisun Bay,6.13,Dry,D,18.078450292397662,9.385977244977209,50.1764705882353
1989,Fall,Confluence,6.13,Dry,D,18.193491271957253,1.354199147081772,62.6379713423831
1989,Fall,SouthCentral,6.13,Dry,D,18.770409982174687,0.25812558787690243,81.22281639928698
1989,Fall,North,6.13,Dry,D,17,0.0820642780820705,84
1990,Winter,Suisun Marsh,4.81,Critical,D,10.292857142857143,4.390546915012433,36.74444444444444
1990,Winter,Suisun Bay,4.81,Critical,D,10.721379679144386,9.018528011348211,45.752873563218394
1990,Winter,Confluence,4.81,Critical,D,10.50541414141414,1.5897015975217268,60.042307692307695
1990,Winter,SouthCentral,4.81,Critical,D,9.83939393939394,0.26031517028835377,88.85252525252525
1990,Winter,North,4.81,Critical,D,9.796296529095581,0.07335491159093493,75.03333352719036
1990,Spring,Suisun Marsh,4.81,Critical,D,18.05,5.254042366538915,22.366666666666667
1990,Spring,Suisun Bay,4.81,Critical,D,15.795869218500798,10.444195738845066,38.94141414141414
1990,Spring,Confluence,4.81,Critical,D,16.702335842872692,2.0863998825859285,47.380093036969264
1990,Spring,SouthCentral,4.81,Critical,D,17.944444444444443,0.23256485913689237,80.13888888888889
1990,Spring,North,4.81,Critical,D,15.521262404359424,0.0814219916021887,98.55555562178294
1990,Summer,Suisun Marsh,4.81,Critical,D,21.994444444444444,5.312137360057283,24.376068376068375
1990,Summer,Suisun Bay,4.81,Critical,D,20.83092363261094,9.058405338660656,30.085185185185185
1990,Summer,Confluence,4.81,Critical,D,21.729635828976825,1.431968859272016,46.98487784565723
1990,Summer,SouthCentral,4.81,Critical,D,24.18323611111111,0.1840635191935651,60.800000000000004
1990,Summer,North,4.81,Critical,D,22,0.0760700562328702,114
1990,Fall,Suisun Marsh,4.81,Critical,D,17.925925925925927,8.219888184102736,43.875
1990,Fall,Suisun Bay,4.81,Critical,D,18.27534681022486,11.699698649818167,54.8705412729803
1990,Fall,Confluence,4.81,Critical,D,18.133668430335096,2.07337896703493,68.62610229276896
1990,Fall,SouthCentral,4.81,Critical,D,18.349197860962565,0.2885113713269847,87.94117647058823
1990,Fall,North,4.81,Critical,D,17.833333333333332,0.07854393429789808,121
1991,Winter,Suisun Marsh,4.21,Critical,D,9.403703703703703,7.622361380105045,41.2962962962963
1991,Winter,Suisun Bay,4.21,Critical,D,9.78521687462864,11.6063735363146,50.903831417624524
1991,Winter,Confluence,4.21,Critical,D,9.435956133438403,2.7818450230208063,83.73993418505614
1991,Winter,SouthCentral,4.21,Critical,D,9.4189898989899,0.2803413699747826,104.58585858585859
1991,Winter,North,4.21,Critical,D,9.133333333333333,0.09492535448420172,100.625
1991,Spring,Suisun Marsh,4.21,Critical,D,14.897222222222222,3.7108063234207953,18.708333333333332
1991,Spring,Suisun Bay,4.21,Critical,D,14.269541467304625,7.739300845816777,33.483333333333334
1991,Spring,Confluence,4.21,Critical,D,14.710871090904151,1.2008660569702134,36.602394670773286
1991,Spring,SouthCentral,4.21,Critical,D,15.46984126984127,0.2043265219109935,60.3015873015873
1991,Spring,North,4.21,Critical,D,14,0.09858171135485892,69.6
1991,Summer,Suisun Marsh,4.21,Critical,D,20.294907407407408,7.928524800248453,29.85185185185185
1991,Summer,Suisun Bay,4.21,Critical,D,19.940161904761904,10.250990258185093,31.910256410256412
1991,Summer,Confluence,4.21,Critical,D,21.005728049756843,1.8051659694523419,42.43564300362706
1991,Summer,SouthCentral,4.21,Critical,D,23.532569444444444,0.21316181116913233,57.104166666666664
1991,Summer,North,4.21,Critical,D,21.833333333333332,0.0778289627779815,95.83333333333333
1991,Fall,Suisun Marsh,4.21,Critical,D,18.229629629629628,7.898949711803897,41.333333333333336
1991,Fall,Suisun Bay,4.21,Critical,D,18.338985370201293,11.578763011703897,57.924457994579946
1991,Fall,Confluence,4.21,Critical,D,18.855389563799736,2.2664165042094297,68.12847211541418
1991,Fall,SouthCentral,4.21,Critical,D,19.900952380952383,0.23080730911105615,88.01984126984127
1991,Fall,North,4.21,Critical,D,19.666666666666668,0.08438845184432875,104.33333333333333
1992,Winter,Suisun Marsh,4.06,Critical,D,9.674074074074074,5.840603178532588,46
1992,Winter,Suisun Bay,4.06,Critical,D,9.7670174291939,8.976633279711,62.09039039039039
1992,Winter,Confluence,4.06,Critical,D,9.455290780141844,2.1638371410872255,88.13968253968254
1992,Winter,SouthCentral,4.06,Critical,D,9.873650793650794,0.22778290093737882,110.44285714285715
1992,Winter,North,4.06,Critical,D,8.991666666666667,0.08665651275417895,108.08333333333333
1992,Spring,Suisun Marsh,4.06,Critical,D,17.274242424242424,2.8767167344482374,22.46127946127946
1992,Spring,Suisun Bay,4.06,Critical,D,17.206522586659887,6.703334200271545,37.457452574525746
1992,Spring,Confluence,4.06,Critical,D,17.695562436658868,0.9919187352141766,42.89821061213881
1992,Spring,SouthCentral,4.06,Critical,D,18.57857142857143,0.18580017042453778,61.37301587301587
1992,Spring,North,4.06,Critical,D,17.633333333333333,0.09989536090596203,71.26666666666667
1992,Summer,Suisun Marsh,4.06,Critical,D,21.060661375661375,8.046624228334904,30.984126984126984
1992,Summer,Suisun Bay,4.06,Critical,D,20.943590982286633,11.243047923842196,37.59454365079365
1992,Summer,Confluence,4.06,Critical,D,22.07261510981082,2.2832244462194113,50.11770290793379
1992,Summer,SouthCentral,4.06,Critical,D,24.348928571428573,0.25655734604005687,63.398809523809526
1992,Summer,North,4.06,Critical,D,22.333333333333332,0.06951915641716912,121
1992,Fall,Suisun Marsh,4.06,Critical,D,20.061904761904763,8.91256677190364,44.661375661375665
1992,Fall,Suisun Bay,4.06,Critical,D,19.11622625852849,11.514085753908866,64.47588075880759
1992,Fall,Confluence,4.06,Critical,D,19.550331266633957,2.349013041073713,71.90543449018026
1992,Fall,SouthCentral,4.06,Critical,D,19.495238095238093,0.26617189757612175,89.45409356725146
1992,Fall,North,4.06,Critical,D,19.03333333333333,0.09541187233330106,91.85000000000001
1993,Winter,Suisun Marsh,8.54,Above Normal,N,9.948148148148148,3.181240663277326,30.62962962962963
1993,Winter,Suisun Bay,8.54,Above Normal,N,9.676470588235293,6.709554667236841,44.666666666666664
1993,Winter,Confluence,8.54,Above Normal,N,9.590291871249319,1.3336777961736013,44.4113475177305
1993,Winter,SouthCentral,8.54,Above Normal,N,9.86888888888889,0.19844423343285944,49.24603174603175
1993,Winter,North,8.54,Above Normal,N,9.383333333333333,0.08238530026917266,28.083333333333332
1993,Spring,Suisun Marsh,8.54,Above Normal,N,17.18888888888889,0.6979576796924482,22.732804232804234
1993,Spring,Suisun Bay,8.54,Above Normal,N,15.131069418386492,0.6865094802666998,23.0015444015444
1993,Spring,Confluence,8.54,Above Normal,N,15.864538386824242,0.10782428024788078,44.59002128049479
1993,Spring,SouthCentral,8.54,Above Normal,N,16.775555555555556,0.17196622280035617,68.37777777777778
1993,Spring,North,8.54,Above Normal,N,14.9,0.07388319714947032,58.916666666666664
1993,Summer,Suisun Marsh,8.54,Above Normal,N,21.996296296296297,1.5878702073398774,20.430976430976433
1993,Summer,Suisun Bay,8.54,Above Normal,N,20.376241400875546,3.086202601337917,31.043631867161277
1993,Summer,Confluence,8.54,Above Normal,N,20.896570052948668,0.16054271479628868,45.48082869881712
1993,Summer,SouthCentral,8.54,Above Normal,N,22.948333333333334,0.12003637422759421,58.94444444444444
1993,Summer,North,8.54,Above Normal,N,19.083333333333332,0.1212418109393844,80
1993,Fall,Suisun Marsh,8.54,Above Normal,N,17.296296296296298,3.957048510993119,35.407407407407405
1993,Fall,Suisun Bay,8.54,Above Normal,N,18.29217599234816,8.608889619495017,59.37626262626263
1993,Fall,Confluence,8.54,Above Normal,N,18.244026620965016,1.011959815293116,62.760942818225146
1993,Fall,SouthCentral,8.54,Above Normal,N,18.406666666666666,0.15597701644068157,84.44444444444444
1993,Fall,North,8.54,Above Normal,N,18,0.07319226264515591,112.66666666666667
1994,Winter,Suisun Marsh,5.02,Critical,N,10.016296296296296,3.1890248390998903,33.60740740740741
1994,Winter,Suisun Bay,5.02,Critical,N,9.927173601147777,8.696756239140125,46.68854238854239
1994,Winter,Confluence,5.02,Critical,N,9.793493404936175,0.9802702059573999,66.84259007783908
1994,Winter,SouthCentral,5.02,Critical,N,9.5,0.2006851636734568,99.89365079365079
1994,Winter,North,5.02,Critical,N,9.433333333333334,0.08365014653838133,95.25
1994,Spring,Suisun Marsh,5.02,Critical,N,16.7414623655914,1.721668497605401,21.877544887686877
1994,Spring,Suisun Bay,5.02,Critical,N,15.417073170731706,4.4603815344040845,33.45864045864046
1994,Spring,Confluence,5.02,Critical,N,16.413591589660303,0.352403693326762,47.44709113161605
1994,Spring,SouthCentral,5.02,Critical,N,17.316296250378638,0.22191013676601687,74.4400584594548
1994,Spring,North,5.02,Critical,N,16,0.09226273339273235,119.25
1994,Summer,Suisun Marsh,5.02,Critical,N,21.773809523809526,6.374416330466664,29.633656829735262
1994,Summer,Suisun Bay,5.02,Critical,N,20.143294045264778,9.62066675891401,33.31870831870832
1994,Summer,Confluence,5.02,Critical,N,21.485728731862228,1.450833873838066,49.459858970730956
1994,Summer,SouthCentral,5.02,Critical,N,24.078378810998167,0.2241833712434835,71.45101011907212
1994,Summer,North,5.02,Critical,N,22.675,0.06616710846817195,133
1994,Fall,Suisun Marsh,5.02,Critical,N,16.703030303030303,6.043821754565037,29.612794612794612
1994,Fall,Suisun Bay,5.02,Critical,N,16.265782599753187,11.0738818282026,51.260188087774296
1994,Fall,Confluence,5.02,Critical,N,17.124840152685184,1.7314829531235125,65.25523799905265
1994,Fall,SouthCentral,5.02,Critical,N,16.977460317460316,0.2548374639052281,103.93968253968254
1994,Fall,North,5.02,Critical,N,15.896666666666667,0.1187994741008553,120.1
1995,Winter,Suisun Marsh,12.89,Wet,W,10.307070707070707,2.068576381213502,22.367676767676766
1995,Winter,Suisun Bay,12.89,Wet,W,10.121869918699186,6.63165897831621,35.6105476673428
1995,Winter,Confluence,12.89,Wet,W,10.221154200820648,0.9284383637954525,37.64737240759925
1995,Winter,SouthCentral,12.89,Wet,W,10.443492063492064,0.37154681761724573,60.87692307692308
1995,Winter,North,12.89,Wet,W,9.358333333333333,0.16567768401927677,35.69444444444444
1995,Spring,Suisun Marsh,12.89,Wet,W,15.624860932819855,0.3668455455487634,15.48951647411211
1995,Spring,Suisun Bay,12.89,Wet,W,14.331562601626016,0.4265401634702861,37.476190476190474
1995,Spring,Confluence,12.89,Wet,W,14.449736956295256,0.23638769646162397,47.99881349312406
1995,Spring,SouthCentral,12.89,Wet,W,15.528888888888888,0.26025079897288106,58.83888888888889
1995,Spring,North,12.89,Wet,W,12.583333333333334,0.0456041900134146,32.333333333333336
1995,Summer,Suisun Marsh,12.89,Wet,W,20.857497807017545,0.5384795347835536,21.919188596491228
1995,Summer,Suisun Bay,12.89,Wet,W,20.531558524642602,1.199374100632378,35.234626971469076
1995,Summer,Confluence,12.89,Wet,W,20.73296660677414,0.09032812977485645,52.27997203922563
1995,Summer,SouthCentral,12.89,Wet,W,21.614190476190476,0.09643773460756955,64.06837606837607
1995,Summer,North,12.89,Wet,W,18.333333333333332,0.049725403742043456,74.66666666666667
1995,Fall,Suisun Marsh,12.89,Wet,W,17.48181818181818,2.050172169934448,25.87878787878788
1995,Fall,Suisun Bay,12.89,Wet,W,18.17334625566333,4.884875882302431,39.71895239891845
1995,Fall,Confluence,12.89,Wet,W,18.143184595983264,0.6397303895775388,66.92219248186316
1995,Fall,SouthCentral,12.89,Wet,W,18.22222222222222,0.0935516018627437,83.96507936507936
1995,Fall,North,12.89,Wet,W,16.59166666666667,0.062337966912251866,107.27777777777779
1996,Winter,Suisun Marsh,10.26,Wet,W,11.875839475839475,1.2514848374823395,21.222516222516223
1996,Winter,Suisun Bay,10.26,Wet,W,12.122130284130284,3.241772099180904,37.59021879021879
1996,Winter,Confluence,10.26,Wet,W,11.691769948466582,0.22468824266911397,43.123735602156
1996,Winter,SouthCentral,10.26,Wet,W,12.231666666666667,0.14027103804726565,67.38888888888889
1996,Winter,North,10.26,Wet,W,11.641666666666667,0.07239816607912301,53.416666666666664
1996,Spring,Suisun Marsh,10.26,Wet,W,16.864670542635658,0.6947721505551475,18.210317460317462
1996,Spring,Suisun Bay,10.26,Wet,W,15.233901282051281,0.7557096850500298,33.67508417508417
1996,Spring,Confluence,10.26,Wet,W,15.141362640228511,0.09181160786736008,49.740510050427126
1996,Spring,SouthCentral,10.26,Wet,W,15.827949978138237,0.11414699813880165,56.6153845071647
1996,Spring,North,10.26,Wet,W,14.308333333333334,0.06241604413645796,60.916666666666664
1996,Summer,Suisun Marsh,10.26,Wet,W,21.253331002331002,2.394888605091143,22.846247086247086
1996,Summer,Suisun Bay,10.26,Wet,W,20.606578042328042,4.319178210471608,27.65972222222222
1996,Summer,Confluence,10.26,Wet,W,21.743981386966563,0.23852149746242018,55.0264668079571
1996,Summer,SouthCentral,10.26,Wet,W,24.0336459360559,0.16364362003469626,70.99999999282537
1996,Summer,North,10.26,Wet,W,21.008333333333333,0.05730870123572726,91.5
1996,Fall,Suisun Marsh,10.26,Wet,W,16.643589743589743,5.75222572202628,36.666666666666664
1996,Fall,Suisun Bay,10.26,Wet,W,17.581666666666667,8.064027761124862,45.55555555555556
1996,Fall,Confluence,10.26,Wet,W,17.619547402161245,1.0353391405783063,70.42369445467752
1996,Fall,SouthCentral,10.26,Wet,W,17.653768172932136,0.15538210633701527,69.68382909578386
1996,Fall,North,10.26,Wet,W,16.75,0.0672471338315483,125.33333333333333
1997,Winter,Suisun Marsh,10.82,Wet,W,11.826562716562716,0.8761591952101244,18.415384615384617
1997,Winter,Suisun Bay,10.82,Wet,W,11.408202878992352,1.5435603489165055,25.12089947089947
1997,Winter,Confluence,10.82,Wet,W,10.474576516093096,0.10643375291295966,27.736593235296603
1997,Winter,SouthCentral,10.82,Wet,W,11.519999999999998,0.07747882055264202,38.96666663289071
1997,Winter,North,10.82,Wet,W,11.05,0.040290692478569964,24.666666666666668
1997,Spring,Suisun Marsh,10.82,Wet,W,17.274502546024287,1.4947625807629024,15.839452495974236
1997,Spring,Suisun Bay,10.82,Wet,W,15.588019047619047,2.8793121038091174,30.580376595082477
1997,Spring,Confluence,10.82,Wet,W,16.07072659222494,0.17967259020215673,36.151719626776774
1997,Spring,SouthCentral,10.82,Wet,W,17.083549123386625,0.1282250202161329,56.18773758086841
1997,Spring,North,10.82,Wet,W,15.375,0.1004908149996574,73.25
1997,Summer,Suisun Marsh,10.82,Wet,W,21.680452091767883,4.585333573218174,35.54323308270676
1997,Summer,Suisun Bay,10.82,Wet,W,20.84755303030303,6.345501805028509,33.58077905491699
1997,Summer,Confluence,10.82,Wet,W,21.50521696815512,0.5576553940893405,40.4518150701014
1997,Summer,SouthCentral,10.82,Wet,W,23.89796370967742,0.17860984513535816,64.33019715568926
1997,Summer,North,10.82,Wet,W,21.416666666666668,0.06760421950969828,73.83333333333333
1997,Fall,Suisun Marsh,10.82,Wet,W,17.974358974358974,5.842121409543124,43.60606060606061
1997,Fall,Suisun Bay,10.82,Wet,W,19.092779914529917,8.577022204432744,58.81640211640212
1997,Fall,Confluence,10.82,Wet,W,18.706117992562156,1.296346580797637,67.74962572377694
1997,Fall,SouthCentral,10.82,Wet,W,19.78364583333333,0.17469848811764976,86.86111111111111
1997,Fall,North,10.82,Wet,W,17.475,0.07526961830055244,93
1998,Winter,Suisun Marsh,13.31,Wet,W,10.691282051282052,1.5610884736923676,25.953846153846154
1998,Winter,Suisun Bay,13.31,Wet,W,10.720802005012532,4.119694241332461,35.61296296296296
1998,Winter,Confluence,13.31,Wet,W,10.203544337196117,0.46518560707599804,29.839473687618398
1998,Winter,SouthCentral,13.31,Wet,W,10.805555555555555,0.15689141015096505,49.138888888888886
1998,Winter,North,13.31,Wet,W,9.991666666666665,0.07167799563032616,49.333333333333336
1998,Spring,Suisun Marsh,13.31,Wet,W,15.661481981981982,0.6529113039831052,20.71063063063063
1998,Spring,Suisun Bay,13.31,Wet,W,13.950153381642512,0.22980248726934224,30.27756892230577
1998,Spring,Confluence,13.31,Wet,W,14.546681655734027,0.10067159031048036,42.6077056176511
1998,Spring,SouthCentral,13.31,Wet,W,14.739603760156756,0.10148167480479688,49.73876632343418
1998,Spring,North,13.31,Wet,W,12.466666666666667,0.05690915669903533,36.666666666666664
1998,Summer,Suisun Marsh,13.31,Wet,W,20.743862191711163,0.5589231955400387,18.923157329717206
1998,Summer,Suisun Bay,13.31,Wet,W,20.65837309550353,1.0399136444773962,27.416583416583418
1998,Summer,Confluence,13.31,Wet,W,21.058377969787706,0.08447868876088184,48.947368134611665
1998,Summer,SouthCentral,13.31,Wet,W,22.29507561755304,0.08855644576131808,45.81757576651646
1998,Summer,North,13.31,Wet,W,19.6,0.05563262816507733,57.333333333333336
1998,Fall,Suisun Marsh,13.31,Wet,W,16.933333333333334,1.3097165504064738,21.111888111888113
1998,Fall,Suisun Bay,13.31,Wet,W,17.82744873575143,3.8977843202579354,31.965741677390774
1998,Fall,Confluence,13.31,Wet,W,17.382660502358313,0.22556857115027265,50.77603838928825
1998,Fall,SouthCentral,13.31,Wet,W,17.187206433614097,0.11851446721414066,68.0378787951036
1998,Fall,North,13.31,Wet,W,15.458333333333334,0.07003974422608791,96
1999,Winter,Suisun Marsh,9.8,Wet,W,8.554761904761905,1.1196083939315977,24.72222222222222
1999,Winter,Suisun Bay,9.8,Wet,W,8.936369047619047,1.4390318712648102,36.90925925925926
1999,Winter,Confluence,9.8,Wet,W,8.786513157147343,0.2994337921726697,47.04499651104151
1999,Winter,SouthCentral,9.8,Wet,W,9.243981948006745,0.13115587977903656,57.87243582591032
1999,Winter,North,9.8,Wet,W,8.661666666666667,0.05866479423591553,44.916666666666664
1999,Spring,Suisun Marsh,9.8,Wet,W,14.798511904761906,0.4620043182096276,19.787774725274723
1999,Spring,Suisun Bay,9.8,Wet,W,13.787454212454213,1.0598707659279811,28.19074074074074
1999,Spring,Confluence,9.8,Wet,W,13.868812015521195,0.09841687187513544,44.31614292717555
1999,Spring,SouthCentral,9.8,Wet,W,14.729737093970066,0.11654107238943327,56.11988775738866
1999,Spring,North,9.8,Wet,W,11.775,0.058224560693993586,51.916666666666664
1999,Summer,Suisun Marsh,9.8,Wet,W,20.080151515151517,1.9412454241811592,19.836441336441336
1999,Summer,Suisun Bay,9.8,Wet,W,19.334111781464724,4.199813128431595,25.335503371309
1999,Summer,Confluence,9.8,Wet,W,20.349778567805178,0.22339180074678444,42.8755555739519
1999,Summer,SouthCentral,9.8,Wet,W,23.01672887941705,0.1483215923727427,50.32646930391622
1999,Summer,North,9.8,Wet,W,20,0.06121907158735131,86
1999,Fall,Suisun Marsh,9.8,Wet,W,17.74009324009324,4.947658641789203,31.007159507159507
1999,Fall,Suisun Bay,9.8,Wet,W,17.933627946127945,9.237280673488028,40.87643678160919
1999,Fall,Confluence,9.8,Wet,W,18.042919500210658,1.7529651724020066,54.16579584762303
1999,Fall,SouthCentral,9.8,Wet,W,19.064837973559346,0.16026752626607865,82.27375732405841
1999,Fall,North,9.8,Wet,W,17.461666666666666,0.07424147267411554,112.83333333333333
2000,Winter,Suisun Marsh,8.94,Above Normal,W,10.876260683760684,2.798100103793018,28.029914529914528
2000,Winter,Suisun Bay,8.94,Above Normal,W,11.20106746031746,5.485927684585329,38.62128540305011
2000,Winter,Confluence,8.94,Above Normal,W,10.34934931261132,0.6630757259268437,53.356413288159075
2000,Winter,SouthCentral,8.94,Above Normal,W,10.99877297639331,0.18319921000541678,64.82359282815611
2000,Winter,North,8.94,Above Normal,W,9.816666666666666,0.07503060866144172,90.66666666666667
2000,Spring,Suisun Marsh,8.94,Above Normal,W,16.40606884057971,0.6809045240346228,17.43158567774936
2000,Spring,Suisun Bay,8.94,Above Normal,W,15.121954106280192,1.3689465972773003,25.04901960784314
2000,Spring,Confluence,8.94,Above Normal,W,15.149731902573212,0.1073334176379985,40.71083939793785
2000,Spring,SouthCentral,8.94,Above Normal,W,16.637136091189916,0.12163953532508372,56.320833138840065
2000,Spring,North,8.94,Above Normal,W,14.53,0.06297465920950884,84.58333333333333
2000,Summer,Suisun Marsh,8.94,Above Normal,W,20.745883940620782,3.098834648212977,25.555465587044534
2000,Summer,Suisun Bay,8.94,Above Normal,W,20.20895670995671,6.209907717484083,24.12087912087912
2000,Summer,Confluence,8.94,Above Normal,W,21.04918524660697,0.4074139370204863,43.358840643127046
2000,Summer,SouthCentral,8.94,Above Normal,W,23.903306775768016,0.15891989075507662,68.88988092743017
2000,Summer,North,8.94,Above Normal,W,20.7,0.06377268240080324,94
2000,Fall,Suisun Marsh,8.94,Above Normal,W,17.003418803418803,6.419950902167182,37.51631701631702
2000,Fall,Suisun Bay,8.94,Above Normal,W,17.805083333333332,9.40949590040615,47.2962962962963
2000,Fall,Confluence,8.94,Above Normal,W,17.365432373677727,1.4326444529159439,53.76909852610734
2000,Fall,SouthCentral,8.94,Above Normal,W,17.601833855799374,0.1758648919220966,92.39814814814815
2000,Fall,North,8.94,Above Normal,W,15.546666666666667,0.0757901254318951,117.33333333333333
2001,Winter,Suisun Marsh,5.76,Dry,D,9.646153846153846,3.5399004136476853,36.94871794871795
2001,Winter,Suisun Bay,5.76,Dry,D,9.907888244348811,10.596693645780812,45.18302473774479
2001,Winter,Confluence,5.76,Dry,D,9.56560462438315,1.7533547289034188,54.60372429943575
2001,Winter,SouthCentral,5.76,Dry,D,9.835130718954249,0.20233675743808144,89.13562089867062
2001,Winter,North,5.76,Dry,D,9.7,0.07799407653221757,62
2001,Spring,Suisun Marsh,5.76,Dry,D,15.935416666666667,1.1157846340076605,23.0625
2001,Spring,Suisun Bay,5.76,Dry,D,15.777179487179488,4.8558181491092824,28.48249576510446
2001,Spring,Confluence,5.76,Dry,D,16.127635407607077,0.37043059874803874,33.055990472403316
2001,Spring,SouthCentral,5.76,Dry,D,17.896404575215534,0.1703370208699049,51.23849988531447
2001,Spring,North,5.76,Dry,D,15.833333333333334,0.09701811925434724,73
2001,Summer,Suisun Marsh,5.76,Dry,D,21.236153846153847,5.888359771409376,36.86923076923077
2001,Summer,Suisun Bay,5.76,Dry,D,20.293507936507936,9.166857279608434,38.71382868937049
2001,Summer,Confluence,5.76,Dry,D,20.93124264670761,1.1707340358919702,41.737798769733175
2001,Summer,SouthCentral,5.76,Dry,D,24.531412553942296,0.23638944455674107,44.89625433494867
2001,Summer,North,5.76,Dry,D,21.933333333333334,0.08053975242252615,88
2001,Fall,Suisun Marsh,5.76,Dry,D,18.370299145299146,8.366854364705043,38.19017094017094
2001,Fall,Suisun Bay,5.76,Dry,D,18.29725,12.21912632048218,44.675925925925924
2001,Fall,Confluence,5.76,Dry,D,18.217213482189358,2.1638286302829925,57.458927384332924
2001,Fall,SouthCentral,5.76,Dry,D,19.978090804631528,0.2566421730104592,69.66584324239899
2001,Fall,North,5.76,Dry,D,18.416666666666668,0.09863217516554411,88.25
2002,Winter,Suisun Marsh,6.35,Dry,D,10.2,1.4924788026154197,25.307692307692307
2002,Winter,Suisun Bay,6.35,Dry,D,10.603760683760683,3.9010013936525767,31.41435185185185
2002,Winter,Confluence,6.35,Dry,D,9.569196060682991,0.37543144024831043,36.02254731492323
2002,Winter,SouthCentral,6.35,Dry,D,10.41261907849993,0.19602752824238343,60.392551770897285
2002,Winter,North,6.35,Dry,D,11.2,0.08892395083472826,33.583333333333336
2002,Spring,Suisun Marsh,6.35,Dry,D,15.749779411764706,2.1285990212833674,24.9
2002,Spring,Suisun Bay,6.35,Dry,D,15.033042735042734,3.87929345292872,29.5990675990676
2002,Spring,Confluence,6.35,Dry,D,15.45198824496437,0.2705654864365342,37.72218521830304
2002,Spring,SouthCentral,6.35,Dry,D,16.63763711749375,0.19085137335379046,57.01044090988355
2002,Spring,North,6.35,Dry,D,14.513333333333334,0.0775033144623229,106.66666666666667
2002,Summer,Suisun Marsh,6.35,Dry,D,21.244378306878307,5.362208696866889,34.87367724867725
2002,Summer,Suisun Bay,6.35,Dry,D,20.334589080459768,8.113177668960818,32.53704022988506
2002,Summer,Confluence,6.35,Dry,D,21.55608094945573,1.1024988387039834,40.62346938808232
2002,Summer,SouthCentral,6.35,Dry,D,24.603333363252528,0.21516338799493634,54.87955191915109
2002,Summer,North,6.35,Dry,D,22.733333333333334,0.07590864436078729,102.66666666666667
2002,Fall,Suisun Marsh,6.35,Dry,D,18.38102564102564,6.805897762069606,36.92307692307693
2002,Fall,Suisun Bay,6.35,Dry,D,18.095333333333333,10.834637662109358,48.27777777777778
2002,Fall,Confluence,6.35,Dry,D,17.92592499252024,1.7356080526585855,62.34024460949332
2002,Fall,SouthCentral,6.35,Dry,D,19.084905753968254,0.23601991959989238,82.76289682539682
2002,Fall,North,6.35,Dry,D,17.333333333333332,0.08169851998686396,128.16666666666666
2003,Winter,Suisun Marsh,8.21,Above Normal,N,11.38923076923077,2.3907800690077905,26.61823361823362
2003,Winter,Suisun Bay,8.21,Above Normal,N,11.164250000000001,5.081683000296928,35.0462962962963
2003,Winter,Confluence,8.21,Above Normal,N,10.698450659265637,0.8901953797221267,42.53472135285831
2003,Winter,SouthCentral,8.21,Above Normal,N,11.566763681383986,0.20529938293197228,67.90123468265857
2003,Winter,North,8.21,Above Normal,N,10.858333333333333,0.07240492945802673,98.875
2003,Spring,Suisun Marsh,8.21,Above Normal,N,15.965057697720237,0.9618164001447733,22.945845004668534
2003,Spring,Suisun Bay,8.21,Above Normal,N,15.55170524691358,1.7423199332130763,29.086438923395445
2003,Spring,Confluence,8.21,Above Normal,N,15.246305035198343,0.16389194192616702,44.43204277675715
2003,Spring,SouthCentral,8.21,Above Normal,N,16.356403176628085,0.18707053249322034,62.89087638786659
2003,Spring,North,8.21,Above Normal,N,16.366666666666667,0.07490468750492851,92
2003,Summer,Suisun Marsh,8.21,Above Normal,N,22.045883173843702,2.2091573000093425,25.672476646160856
2003,Summer,Suisun Bay,8.21,Above Normal,N,20.909760912698413,4.110148476597029,33.273529411764706
2003,Summer,Confluence,8.21,Above Normal,N,21.363795385124032,0.26515180799368243,47.525847851759956
2003,Summer,SouthCentral,8.21,Above Normal,N,23.91928123927333,0.17073069581452832,56.67526530627611
2003,Summer,North,8.21,Above Normal,N,21.23333333333333,0.05813085229390594,89.66666666666667
2003,Fall,Suisun Marsh,8.21,Above Normal,N,18.476666666666667,6.174911229218075,39.94871794871795
2003,Fall,Suisun Bay,8.21,Above Normal,N,17.99194658119658,9.673267244997692,44.75185185185185
2003,Fall,Confluence,8.21,Above Normal,N,18.336098024178053,1.4419623425560486,68.42544448227396
2003,Fall,SouthCentral,8.21,Above Normal,N,19.003059083016957,0.2303352183963956,78.3115530141601
2003,Fall,North,8.21,Above Normal,N,16.746666666666666,0.07559204693929218,113.93333333333334
2004,Winter,Suisun Marsh,7.51,Below Normal,N,10.932532051282053,2.6855157608475477,35.55654761904762
2004,Winter,Suisun Bay,7.51,Below Normal,N,10.657826617826618,5.597987207307646,39.03812636165577
2004,Winter,Confluence,7.51,Below Normal,N,10.293460147238406,0.6104025474192938,45.463359097601824
2004,Winter,SouthCentral,7.51,Below Normal,N,10.938451199816498,0.20042690351843104,66.7541665220781
2004,Winter,North,7.51,Below Normal,N,10.433333333333334,0.07437986028262637,40.4
2004,Spring,Suisun Marsh,7.51,Below Normal,N,17.621742424242424,1.1156596897468867,20.97537878787879
2004,Spring,Suisun Bay,7.51,Below Normal,N,16.069934210526316,2.300201263596032,26.365001556178026
2004,Spring,Confluence,7.51,Below Normal,N,16.642968789444474,0.22040806767029686,41.61079879530234
2004,Spring,SouthCentral,7.51,Below Normal,N,18.236809131156566,0.166984518140471,56.558911057454885
2004,Spring,North,7.51,Below Normal,N,17,0.06832484447541352,74.66666666666667
2004,Summer,Suisun Marsh,7.51,Below Normal,N,21.462759170653907,5.046413628301727,37.94597288676236
2004,Summer,Suisun Bay,7.51,Below Normal,N,20.270380082880084,7.79500815249572,33.21574582027168
2004,Summer,Confluence,7.51,Below Normal,N,21.196482644073335,0.9008767788298905,49.46985711979417
2004,Summer,SouthCentral,7.51,Below Normal,N,24.218647246134303,0.22140742870612548,57.69760354571747
2004,Summer,North,7.51,Below Normal,N,21.21666666666667,0.07359237537479622,102.66666666666667
2004,Fall,Suisun Marsh,7.51,Below Normal,N,18.16739926739927,6.681383485443897,45.02564102564102
2004,Fall,Suisun Bay,7.51,Below Normal,N,18.25338492063492,10.372771677492029,53.904232804232805
2004,Fall,Confluence,7.51,Below Normal,N,17.692064247928812,1.2787075383741129,76.54018687047645
2004,Fall,SouthCentral,7.51,Below Normal,N,17.863430930577543,0.27218248680661394,78.08670033049904
2004,Fall,North,7.51,Below Normal,N,16.566666666666666,0.081161397493992,142.5
2005,Winter,Suisun Marsh,8.49,Above Normal,W,10.382905982905983,2.5484679315562273,33.11868686868687
2005,Winter,Suisun Bay,8.49,Above Normal,W,10.511791666666667,5.972614839960794,50.05324074074074
2005,Winter,Confluence,8.49,Above Normal,W,10.322242718270227,0.8013017081434685,48.801242311072
2005,Winter,SouthCentral,8.49,Above Normal,W,10.852454543893991,0.20042904269763012,61.41154392334548
2005,Winter,North,8.49,Above Normal,W,11.183333333333334,0.09380120597583301,46.25
2005,Spring,Suisun Marsh,8.49,Above Normal,W,16.755407407407407,0.6389553049750568,26.425730994152048
2005,Spring,Suisun Bay,8.49,Above Normal,W,16.17563596491228,1.096142842357979,36.746274509803925
2005,Spring,Confluence,8.49,Above Normal,W,15.976261204891976,0.14359533802598415,56.53586725565664
2005,Spring,SouthCentral,8.49,Above Normal,W,15.727803661063922,0.12947357465660048,66.92744072802893
2005,Spring,North,8.49,Above Normal,W,15.866666666666667,0.08593311250325453,66.66666666666667
2005,Summer,Suisun Marsh,8.49,Above Normal,W,21.820989304812834,1.8077279201008958,27.857363104731526
2005,Summer,Suisun Bay,8.49,Above Normal,W,20.39520202020202,3.8340347255320517,37.82692516563484
2005,Summer,Confluence,8.49,Above Normal,W,21.148330201730502,0.3407978895898816,53.96901045977396
2005,Summer,SouthCentral,8.49,Above Normal,W,22.480115302172575,0.12663251215725913,61.599603024077794
2005,Summer,North,8.49,Above Normal,W,20.333333333333332,0.07044583324799962,76
2005,Fall,Suisun Marsh,8.49,Above Normal,W,18.17142857142857,5.8664208917787635,41.261904761904766
2005,Fall,Suisun Bay,8.49,Above Normal,W,17.63502192982456,8.819749985019568,55.34259259259259
2005,Fall,Confluence,8.49,Above Normal,W,17.70214755955454,1.101080901189214,79.00590634057117
2005,Fall,SouthCentral,8.49,Above Normal,W,18.29388245457574,0.2283114371255188,74.70837353924814
2005,Fall,North,8.49,Above Normal,W,16.7,0.07510617037727366,114.41666666666667
2006,Winter,Suisun Marsh,13.2,Wet,W,10.99599358974359,2.29928414913782,29.286324786324787
2006,Winter,Suisun Bay,13.2,Wet,W,10.752198830409357,3.4526481148850796,39.34953703703704
2006,Winter,Confluence,13.2,Wet,W,10.554397494338325,0.36331737604370445,48.26427018523171
2006,Winter,SouthCentral,13.2,Wet,W,10.46249997543566,0.1670563599252123,68.9595956531438
2006,Winter,North,13.2,Wet,W,11.066666666666666,0.07132700392398143,58.666666666666664
2006,Spring,Suisun Marsh,13.2,Wet,W,14.715131578947368,0.34972807368580205,22.705043859649123
2006,Spring,Suisun Bay,13.2,Wet,W,14.397464985994398,0.12881205579858895,35.10198412698413
2006,Spring,Confluence,13.2,Wet,W,14.20939678797266,0.08162761926379286,51.59956706722264
2006,Spring,SouthCentral,13.2,Wet,W,14.801436347331332,0.0810689769374057,64.2665003977626
2006,Spring,North,13.2,Wet,W,13.833333333333332,0.05213496275701633,44.333333333333336
2006,Summer,Suisun Marsh,13.2,Wet,W,22.3974649122807,1.6589711783937682,24.04861111111111
2006,Summer,Suisun Bay,13.2,Wet,W,21.20342857142857,3.0801302987558796,37.95229468599034
2006,Summer,Confluence,13.2,Wet,W,21.65532011284274,0.2703108077323015,57.010945575941655
2006,Summer,SouthCentral,13.2,Wet,W,23.48606269623138,0.12345001796351202,59.57625775007042
2006,Summer,North,13.2,Wet,W,20.8,0.0647781547079715,81
2006,Fall,Suisun Marsh,13.2,Wet,W,17.338461538461537,5.719583206212817,38.94871794871795
2006,Fall,Suisun Bay,13.2,Wet,W,17.294833333333333,8.482391544146255,52.879629629629626
2006,Fall,Confluence,13.2,Wet,W,17.423888498014083,1.0046578230485077,78.9909426097957
2006,Fall,SouthCentral,13.2,Wet,W,17.494057250392153,0.17406286307815985,79.39929522754451
2006,Fall,North,13.2,Wet,W,16.96666666666667,0.0769725543179355,112.27777777777777
2007,Winter,Suisun Marsh,6.19,Dry,D,9.492559523809524,4.502881993109411,38.01304945054945
2007,Winter,Suisun Bay,6.19,Dry,D,9.88954365079365,8.203695376939327,58.31644880174292
2007,Winter,Confluence,6.19,Dry,D,9.318940990309185,1.0909409933946765,67.6830223469372
2007,Winter,SouthCentral,6.19,Dry,D,9.596514037548578,0.21737734754638063,88.38488149745035
2007,Winter,North,6.19,Dry,D,10.375,0.08502641966289522,71.41666666666667
2007,Spring,Suisun Marsh,6.19,Dry,D,16.98306595365419,2.262293011781975,23.823529411764707
2007,Spring,Suisun Bay,6.19,Dry,D,15.534435425685425,3.2872557944788485,31.86651614668856
2007,Spring,Confluence,6.19,Dry,D,15.824779982301434,0.3386311392059978,58.49958642918502
2007,Spring,SouthCentral,6.19,Dry,D,17.038045647288463,0.1836712697205923,75.02681218688464
2007,Spring,North,6.19,Dry,D,16,0.07062113321038917,101
2007,Summer,Suisun Marsh,6.19,Dry,D,21.50253787878788,5.0218483105504275,39.43432539682539
2007,Summer,Suisun Bay,6.19,Dry,D,20.557982954545455,7.4635383833752496,44.18417366946779
2007,Summer,Confluence,6.19,Dry,D,21.612905444615123,0.6856875016551013,69.15105820105819
2007,Summer,SouthCentral,6.19,Dry,D,24.16558024163894,0.21159116135939018,63.26347670054169
2007,Summer,North,6.19,Dry,D,21.866666666666667,0.07816388915780964,103.33333333333333
2007,Fall,Suisun Marsh,6.19,Dry,D,16.69697320223636,7.7142993920140475,39.27549643339117
2007,Fall,Suisun Bay,6.19,Dry,D,17.953416666666666,11.265637685112631,48.833333333333336
2007,Fall,Confluence,6.19,Dry,D,17.74431418308054,1.3307551407703173,91.06875096334215
2007,Fall,SouthCentral,6.19,Dry,D,18.23888727858293,0.2421434248950661,92.24331702919206
2007,Fall,North,6.19,Dry,D,17.225,0.08134583338066527,162.33333333333334
2008,Winter,Suisun Marsh,5.16,Critical,D,9.591758241758242,3.1346216461426306,29.157203907203908
2008,Winter,Suisun Bay,5.16,Critical,D,9.773184640522876,5.601573255823426,38.05244983654302
2008,Winter,Confluence,5.16,Critical,D,8.907599610059423,0.7610774532839857,40.4990659935832
2008,Winter,SouthCentral,5.16,Critical,D,9.523051948051949,0.19634574014819653,60.816305843516
2008,Winter,North,5.16,Critical,D,9.666666666666668,0.10149232296908926,47
2008,Spring,Suisun Marsh,5.16,Critical,D,16.08840240641711,2.7899433932043314,22.81595365418895
2008,Spring,Suisun Bay,5.16,Critical,D,15.12669968919969,5.192692424032007,37.35404042688885
2008,Spring,Confluence,5.16,Critical,D,15.389984209015218,0.409181305837473,45.01343526918982
2008,Spring,SouthCentral,5.16,Critical,D,16.16612554055788,0.20144393582413544,67.28939148247095
2008,Spring,North,5.16,Critical,D,16,0.07707476386877407,116
2008,Summer,Suisun Marsh,5.16,Critical,D,21.334265734265735,6.661007441572934,40.07471475892529
2008,Summer,Suisun Bay,5.16,Critical,D,20.160134683555736,9.697794294170716,46.372549019607845
2008,Summer,Confluence,5.16,Critical,D,21.229475464576076,1.1842806690477872,60.18752517088495
2008,Summer,SouthCentral,5.16,Critical,D,24.051393291591346,0.25869621059542214,60.4945054685114
2008,Summer,North,5.16,Critical,D,23,0.07541123793935925,84
2008,Fall,Suisun Marsh,5.16,Critical,D,17.59285714285714,8.336730541997527,46.357142857142854
2008,Fall,Suisun Bay,5.16,Critical,D,17.97533333333333,11.341668919598552,66.37962962962963
2008,Fall,Confluence,5.16,Critical,D,17.926749088149617,1.8422250433382485,90.60091932591713
2008,Fall,SouthCentral,5.16,Critical,D,18.6802371541502,0.2889256529659087,108.27602102414107
2008,Fall,North,5.16,Critical,D,18.058333333333334,0.10472669356585318,145.16666666666666
2009,Winter,Suisun Marsh,5.78,Dry,D,9.652564102564103,6.834224742757029,39.05860805860806
2009,Winter,Suisun Bay,5.78,Dry,D,10.421538461538463,10.860210796067067,61.280092592592595
2009,Winter,Confluence,5.78,Dry,D,9.97153665158371,2.2182767376918937,73.5213310815221
2009,Winter,SouthCentral,5.78,Dry,D,10.137878787878789,0.3378839263680031,106.36363630222549
2009,Winter,North,5.78,Dry,D,10.116666666666667,0.09641190074318445,104.33333333333333
2009,Spring,Suisun Marsh,5.78,Dry,D,16.83796992481203,1.9254647873983306,26.60863697705803
2009,Spring,Suisun Bay,5.78,Dry,D,15.271578282828283,3.31000513113847,32.358374384236456
2009,Spring,Confluence,5.78,Dry,D,15.698674052276267,0.2231427722240142,53.902427708596186
2009,Spring,SouthCentral,5.78,Dry,D,16.824404762207514,0.19620623887787672,80.45220052985229
2009,Spring,North,5.78,Dry,D,16.3,0.058584780042002085,96.66666666666667
2009,Summer,Suisun Marsh,5.78,Dry,D,20.81931561085973,5.211982052535117,39.87820512820513
2009,Summer,Suisun Bay,5.78,Dry,D,19.86416972664219,7.55431985644639,42.21819685690654
2009,Summer,Confluence,5.78,Dry,D,20.958485145729785,0.7780324189820785,68.41169767400498
2009,Summer,SouthCentral,5.78,Dry,D,23.98492234374745,0.20325011938960064,85.35294102265033
2009,Summer,North,5.78,Dry,D,21.3,0.06538611955832738,88
2009,Fall,Suisun Marsh,5.78,Dry,D,17.21794871794872,7.8472670078456614,46.128205128205124
2009,Fall,Suisun Bay,5.78,Dry,D,17.539416666666668,10.965939136838735,67.74074074074073
2009,Fall,Confluence,5.78,Dry,D,17.966412930737825,1.2587781896947496,91.79825465329134
2009,Fall,SouthCentral,5.78,Dry,D,18.673333333333332,0.21568286938559766,120.2549113045568
2009,Fall,North,5.78,Dry,D,17.95,0.08218431400790698,195.33333333333334
2010,Winter,Suisun Marsh,7.08,Below Normal,D,10.47985347985348,5.263913990606693,37.55265567765568
2010,Winter,Suisun Bay,7.08,Below Normal,D,10.4305,8.447712854724031,44.53894335511983
2010,Winter,Confluence,7.08,Below Normal,D,9.989799520857176,1.6052676965749038,57.489934951744445
2010,Winter,SouthCentral,7.08,Below Normal,D,10.063492058601426,0.24199893485321528,97.79009888952919
2010,Winter,North,7.08,Below Normal,D,10.141666666666667,0.09791101442253408,71.41666666666667
2010,Spring,Suisun Marsh,7.08,Below Normal,D,15.294649122807018,1.2805417028912414,23.801754385964912
2010,Spring,Suisun Bay,7.08,Below Normal,D,14.87162091503268,2.1026388392781503,31.196682098765432
2010,Spring,Confluence,7.08,Below Normal,D,14.422569192569194,0.16353521612148508,58.71650416821222
2010,Spring,SouthCentral,7.08,Below Normal,D,15.285811696826645,0.1697299373799987,82.61214731644353
2010,Spring,North,7.08,Below Normal,D,13.433333333333334,0.0771872316054859,64
2010,Summer,Suisun Marsh,7.08,Below Normal,D,20.45734649122807,2.69787324267606,28.823464912280702
2010,Summer,Suisun Bay,7.08,Below Normal,D,19.656906108597283,4.935743205500154,37.671861471861476
2010,Summer,Confluence,7.08,Below Normal,D,20.145476966030486,0.45130175041857445,69.60879723554334
2010,Summer,SouthCentral,7.08,Below Normal,D,23.111011243549765,0.15117651305371685,89.33568063882196
2010,Summer,North,7.08,Below Normal,D,20.233333333333334,0.060740277969678694,83.33333333333333
2010,Fall,Suisun Marsh,7.08,Below Normal,D,18.132211538461537,6.935316480309316,47.708333333333336
2010,Fall,Suisun Bay,7.08,Below Normal,D,18.187657407407407,9.494377863543377,67.04629629629629
2010,Fall,Confluence,7.08,Below Normal,D,18.372169104518452,1.249563168579193,108.03996589560222
2010,Fall,SouthCentral,7.08,Below Normal,D,19.043623166045897,0.20489474263498678,137.30402579338272
2010,Fall,North,7.08,Below Normal,D,17.675,0.07203690186481117,165.08333333333334
2011,Winter,Suisun Marsh,10.54,Wet,N,9.755494505494505,2.332690700362145,34.96336996336996
2011,Winter,Suisun Bay,10.54,Wet,N,9.86472072072072,4.52255428548876,51.673611111111114
2011,Winter,Confluence,10.54,Wet,N,9.759999321856823,0.361654416481835,69.51772238547503
2011,Winter,SouthCentral,10.54,Wet,N,10.150484885649245,0.12432113084517966,80.67090932015216
2011,Winter,North,10.54,Wet,N,10.108333333333333,0.07383071963287603,55.5
2011,Spring,Suisun Marsh,10.54,Wet,N,15.043070175438597,0.4813381225303548,28.674561403508772
2011,Spring,Suisun Bay,10.54,Wet,N,14.239430025130805,0.2708356013914842,44.14619252873563
2011,Spring,Confluence,10.54,Wet,N,14.017142532958715,0.0878233120546502,73.084309755054
2011,Spring,SouthCentral,10.54,Wet,N,14.735707172596568,0.08229477865838532,77.62223854054064
2011,Spring,North,10.54,Wet,N,13.133333333333333,0.052595654905539045,62
2011,Summer,Suisun Marsh,10.54,Wet,N,20.52537878787879,0.921501265767503,23.800239234449762
2011,Summer,Suisun Bay,10.54,Wet,N,20.002600972012736,1.9225130718198,43.40935016362786
2011,Summer,Confluence,10.54,Wet,N,20.513659134804563,0.1327151401967537,81.40600110867099
2011,Summer,SouthCentral,10.54,Wet,N,21.084220168890244,0.10127190093249093,75.52470171613935
2011,Summer,North,10.54,Wet,N,18.8,0.059623022744908126,80
2011,Fall,Suisun Marsh,10.54,Wet,N,17.255958485958487,3.55598415671234,35.2034188034188
2011,Fall,Suisun Bay,10.54,Wet,N,17.82437804878049,5.420426778421631,49.11661661661661
2011,Fall,Confluence,10.54,Wet,N,17.65014460876363,0.4129665940946799,100.68907892325484
2011,Fall,SouthCentral,10.54,Wet,N,16.93913046380748,0.14422283364922345,112.68840581696966
2011,Fall,North,10.54,Wet,N,16.583333333333336,0.06285517232122381,149.16666666666666
2012,Winter,Suisun Marsh,6.89,Below Normal,D,9.925641025641026,3.7893472682062814,35.07692307692308
2012,Winter,Suisun Bay,6.89,Below Normal,D,10.18623311546841,9.805195082123074,59.21759259259259
2012,Winter,Confluence,6.89,Below Normal,D,9.722007765013393,1.3423954969652236,73.70773079488028
2012,Winter,SouthCentral,6.89,Below Normal,D,9.881438084084586,0.24595060134626165,122.13377914513765
2012,Winter,North,6.89,Below Normal,D,9.908333333333333,0.08697890305364166,83.08333333333333
2012,Spring,Suisun Marsh,6.89,Below Normal,D,16.25190918472652,1.7034606492308815,23.563467492260063
2012,Spring,Suisun Bay,6.89,Below Normal,D,14.99397435897436,3.3003210237579235,30.053535353535352
2012,Spring,Confluence,6.89,Below Normal,D,15.314311209336179,0.2889778164648586,57.00716813516817
2012,Spring,SouthCentral,6.89,Below Normal,D,16.62612274493,0.19701961859020856,80.11489262234451
2012,Spring,North,6.89,Below Normal,D,15.066666666666666,0.0661685613929965,88
2012,Summer,Suisun Marsh,6.89,Below Normal,D,21.280622009569377,4.657182586424908,42.31469298245614
2012,Summer,Suisun Bay,6.89,Below Normal,D,20.314253724878725,7.2644623881548425,37.604166666666664
2012,Summer,Confluence,6.89,Below Normal,D,21.210706149386898,0.6436715198521891,76.46423636779507
2012,Summer,SouthCentral,6.89,Below Normal,D,24.08320606765428,0.223351464418826,96.66658310130667
2012,Summer,North,6.89,Below Normal,D,21.13,0.06824384736588261,98.66666666666667
2012,Fall,Suisun Marsh,6.89,Below Normal,D,17.224188034188035,6.6955887235627465,53.394017094017094
2012,Fall,Suisun Bay,6.89,Below Normal,D,18.19052927927928,10.853117503356188,64.43518518518519
2012,Fall,Confluence,6.89,Below Normal,D,18.431688302369786,1.3653106298907336,102.57273845587342
2012,Fall,SouthCentral,6.89,Below Normal,D,19.634202168825045,0.23675544708584545,152.82684492471324
2012,Fall,North,6.89,Below Normal,D,17.79,0.0741901764139193,190.66666666666666
2013,Winter,Suisun Marsh,5.83,Dry,D,9.382222222222222,1.7287215406232932,25.044444444444444
2013,Winter,Suisun Bay,5.83,Dry,D,10.838941176470588,4.532917751208039,48.04385964912281
2013,Winter,Confluence,5.83,Dry,D,9.993075938359011,0.2687589845566313,49.013465399062916
2013,Winter,SouthCentral,5.83,Dry,D,10.26630435846854,0.17525668402024427,83.96347825993662
2013,Winter,North,5.83,Dry,D,10.620000000000001,0.07176059877194647,66.66666666666667
2013,Spring,Suisun Marsh,5.83,Dry,D,17.038095238095238,2.8593100449291833,24.206349206349206
2013,Spring,Suisun Bay,5.83,Dry,D,16.39620349084717,7.277193059982885,40.010429970200086
2013,Spring,Confluence,5.83,Dry,D,16.56606015974537,0.6203284562339626,56.465571508717176
2013,Spring,SouthCentral,5.83,Dry,D,17.674369923831723,0.1744386307358227,100.4652862094992
2013,Spring,North,5.83,Dry,D,17.56,0.0723924813763802,120
2013,Summer,Suisun Marsh,5.83,Dry,D,21.28325396825397,5.607689989775825,37.83888888888889
2013,Summer,Suisun Bay,5.83,Dry,D,20.44079493991145,8.302325748414841,35.03953399541635
2013,Summer,Confluence,5.83,Dry,D,21.30201831766645,0.900807913671218,66.45320273425301
2013,Summer,SouthCentral,5.83,Dry,D,24.58162824445492,0.24913425549259458,109.43935326128266
2013,Summer,North,5.83,Dry,D,21.85,0.06999908822264791,109.33333333333333
2013,Fall,Suisun Marsh,5.83,Dry,D,18,8.241647995786936,45.82222222222222
2013,Fall,Suisun Bay,5.83,Dry,D,18.137935897435895,10.409849693831516,57.24074074074074
2013,Fall,Confluence,5.83,Dry,D,17.90256138203345,1.6115448526667677,80.79855084048698
2013,Fall,SouthCentral,5.83,Dry,D,18.65464510593393,0.2808375503036189,134.00891863816912
2013,Fall,North,5.83,Dry,D,17.5125,0.08004015278512462,184.36111111111111
2014,Winter,Suisun Marsh,4.07,Critical,D,10.404424603174604,6.815538494786263,40.40972222222222
2014,Winter,Suisun Bay,4.07,Critical,D,10.700269905533064,12.435575642641709,52.3125
2014,Winter,Confluence,4.07,Critical,D,10.221141710029263,2.5528237683144788,72.63944236790456
2014,Winter,SouthCentral,4.07,Critical,D,10.206009147688063,0.33456305717695223,141.73158869078512
2014,Winter,North,4.07,Critical,D,9.2325,0.09894486144964866,158.66666666666666
2014,Spring,Suisun Marsh,4.07,Critical,D,17.260771684455896,2.704207384879266,27.80922586185744
2014,Spring,Suisun Bay,4.07,Critical,D,16.863004906204907,7.589451745487485,40.82070707070707
2014,Spring,Confluence,4.07,Critical,D,16.950253495406642,0.9086077622766351,53.33108357668907
2014,Spring,SouthCentral,4.07,Critical,D,17.756211205496303,0.24099049574080808,107.20289851423787
2014,Spring,North,4.07,Critical,D,15.956666666666667,0.08693868332899964,85
2014,Summer,Suisun Marsh,4.07,Critical,D,21.671555555555553,9.054834618634336,41.287619047619046
2014,Summer,Suisun Bay,4.07,Critical,D,20.827066382171644,12.20293503618607,41.421931735657225
2014,Summer,Confluence,4.07,Critical,D,22.011493732496557,1.9635309693551606,74.24100664665873
2014,Summer,SouthCentral,4.07,Critical,D,25.268046976768677,0.3741853719909999,126.54576884817433
2014,Summer,North,4.07,Critical,D,22.513333333333335,0.0684016842697599,106.66666666666667
2014,Fall,Suisun Marsh,4.07,Critical,D,19.138725490196077,9.000999868592585,46.3860294117647
2014,Fall,Suisun Bay,4.07,Critical,D,19.49982905982906,12.72481152454282,62.94444444444444
2014,Fall,Confluence,4.07,Critical,D,19.64096683020386,2.0731867315555936,103.34492358406982
2014,Fall,SouthCentral,4.07,Critical,D,20.319412249382374,0.4252605087894996,156.8809984292769
2014,Fall,North,4.07,Critical,D,19.61,0.0884956732325991,208.25
2015,Winter,Suisun Marsh,4,Critical,D,12.554401960784313,3.8659413727326526,33.35686274509804
2015,Winter,Suisun Bay,4,Critical,D,12.531159270725835,7.996825927856713,50.0625
2015,Winter,Confluence,4,Critical,D,11.968354365291686,1.010456447447214,45.11668552814197
2015,Winter,SouthCentral,4,Critical,D,12.338877390114934,0.2476906304472392,105.72386645039724
2015,Winter,North,4,Critical,D,12.65,0.09973310964735106,54.5
2015,Spring,Suisun Marsh,4,Critical,D,17.43984210526316,4.617741132187599,28.876491228070176
2015,Spring,Suisun Bay,4,Critical,D,16.729690671316476,9.571260817436256,41.21778711484594
2015,Spring,Confluence,4,Critical,D,17.24423386501872,1.8116041804436644,47.760755461721764
2015,Spring,SouthCentral,4,Critical,D,18.816948044008708,0.27484746209497646,93.78404919155591
2015,Spring,North,4,Critical,D,17.533333333333335,0.08167044629333144,163.33333333333334
2015,Summer,Suisun Marsh,4,Critical,D,21.974962962962962,10.237513103958184,39.51287477954145
2015,Summer,Suisun Bay,4,Critical,D,21.096675213675212,12.416386108496338,45.15575396825397
2015,Summer,Confluence,4,Critical,D,21.915115653911936,2.2201577112663564,67.98543354219707
2015,Summer,SouthCentral,4,Critical,D,25.31152659618852,0.4904969883822431,102.14541187097778
2015,Summer,North,4,Critical,D,23.2,0.06329398449626572,168
2015,Fall,Suisun Marsh,4,Critical,D,18.895208333333333,8.128814241030422,48.601851851851855
2015,Fall,Suisun Bay,4,Critical,D,19.567573361823364,13.099067448478321,59.80555555555556
2015,Fall,Confluence,4,Critical,D,19.33289978286828,2.3330652508795784,88.69458584675708
2015,Fall,SouthCentral,4,Critical,D,19.680072470678798,0.35876670269627486,170.84178685710043
2015,Fall,North,4,Critical,D,18.475,0.08021602729287036,249.75
2016,Winter,Suisun Marsh,6.71,Below Normal,D,10.479509803921568,4.47901897748017,33.64607843137255
2016,Winter,Suisun Bay,6.71,Below Normal,D,10.816671023965142,8.012687968296163,43.594794094794096
2016,Winter,Confluence,6.71,Below Normal,D,10.631654505364871,1.4748106330898993,44.86578506359167
2016,Winter,SouthCentral,6.71,Below Normal,D,10.892222217405683,0.2164089921678089,103.52525214685329
2016,Winter,North,6.71,Below Normal,D,10.065,0.0852061059213412,122.41666666666667
2016,Spring,Suisun Marsh,6.71,Below Normal,D,17.085238095238097,1.7413703152030242,22.51414768806073
2016,Spring,Suisun Bay,6.71,Below Normal,D,16.43781566091954,3.221644790514933,31.52809523809524
2016,Spring,Confluence,6.71,Below Normal,D,16.52499230242346,0.2959426744664897,49.44570481552575
2016,Spring,SouthCentral,6.71,Below Normal,D,17.667230064686958,0.15772727402242057,73.67701414367723
2016,Spring,North,6.71,Below Normal,D,15.536666666666667,0.07111723727048276,170.66666666666666
2016,Summer,Suisun Marsh,6.71,Below Normal,D,21.506668755221387,5.373355482318703,37.39703425229741
2016,Summer,Suisun Bay,6.71,Below Normal,D,20.736241993873573,8.221060972144112,40.394911297852474
2016,Summer,Confluence,6.71,Below Normal,D,21.520747627343074,0.7081495825490314,63.39961170906429
2016,Summer,SouthCentral,6.71,Below Normal,D,24.681230926087185,0.209630137055882,94.226297709995265
2016,Summer,North,6.71,Below Normal,D,21.330000000000002,0.07112407768017509,154.66666666666666
2016,Fall,Suisun Marsh,6.71,Below Normal,D,18.18875816993464,7.4666567987919,44.239215686274505
2016,Fall,Suisun Bay,6.71,Below Normal,D,18.172731753014013,10.471834619156057,67.52904628766697
2016,Fall,Confluence,6.71,Below Normal,D,18.33105812506747,1.709020377950075,95.30991477703543
2016,Fall,SouthCentral,6.71,Below Normal,D,19.68753618350927,0.2166088004160799,155.1449275906535
2016,Fall,North,6.71,Below Normal,D,17.465,0.08215158596596715,154.94444444444446
2017,Winter,Suisun Marsh,14.14,Wet,N,10.74047729618163,1.9528069813649922,26.910087719298247
2017,Winter,Suisun Bay,14.14,Wet,N,11.029980506822612,3.3516208114658173,34.83180894308943
2017,Winter,Confluence,14.14,Wet,N,10.157990239014307,0.5325920516392904,39.6096210236904
2017,Winter,SouthCentral,14.14,Wet,N,10.584330137344509,0.14218880403985448,76.38990375921128
2017,Winter,North,14.14,Wet,N,9.309166666666666,0.08037092062134595,25
2017,Spring,Suisun Marsh,14.14,Wet,N,16.636930171278,0.4596841931197064,27.74110671936759
2017,Spring,Suisun Bay,14.14,Wet,N,15.568011145942181,0.210421168878322,42.88054187192118
2017,Spring,Confluence,14.14,Wet,N,15.057979212417987,0.07361502026567626,57.41901482786913
2017,Spring,SouthCentral,14.14,Wet,N,15.249835561475614,0.07511847496761391,71.14826802939002
2017,Spring,North,14.14,Wet,N,12.896666666666667,0.05275547592948771,NA
2017,Summer,Suisun Marsh,14.14,Wet,N,21.934933333333333,1.946791344995874,28.71
2017,Summer,Suisun Bay,14.14,Wet,N,21.285766666666667,3.5005173764073896,38.59006734006734
2017,Summer,Confluence,14.14,Wet,N,21.684902302396612,0.37858732276310453,67.3595469150303
2017,Summer,SouthCentral,14.14,Wet,N,21.625088291316622,0.0868447251658459,78.59596035547993
2017,Summer,North,14.14,Wet,N,20.03,0.06010183853841273,NA
2017,Fall,Suisun Marsh,14.14,Wet,N,18.40400735294118,5.124937328846636,35.83578431372549
2017,Fall,Suisun Bay,14.14,Wet,N,18.794160569105692,6.787530249236062,57.262012012012015
2017,Fall,Confluence,14.14,Wet,N,18.23802906209093,0.4891534454396682,90.86136283052069
2017,Fall,SouthCentral,14.14,Wet,N,17.715311952142443,0.13189791855343283,133.5319877107417
2017,Fall,North,14.14,Wet,N,16.64333333333333,0.06537042506516161,151
2018,Winter,Suisun Marsh,7.14,Below Normal,N,11.528,4.35657341762546,36.05740740740741
2018,Winter,Suisun Bay,7.14,Below Normal,N,11.782932552954291,7.891148752530214,54.800925925925924
2018,Winter,Confluence,7.14,Below Normal,N,11.127495602842137,0.9752921222400736,71.05585063325302
2018,Winter,SouthCentral,7.14,Below Normal,N,11.067283348022588,0.22062716901097798,132.27830710346785
2018,Winter,North,7.14,Below Normal,N,11.030833333333334,0.08721893299986513,136
2018,Spring,Suisun Marsh,7.14,Below Normal,N,15.777855477855477,1.2414501247208145,25.894902199250026
2018,Spring,Suisun Bay,7.14,Below Normal,N,15.365091806958473,3.076925403631051,39.96437495537945
2018,Spring,Confluence,7.14,Below Normal,N,15.38914258944389,0.2541902371035655,62.487095267710515
2018,Spring,SouthCentral,7.14,Below Normal,N,15.970682259336497,0.13661876254104668,91.87709272655489
2018,Spring,North,7.14,Below Normal,N,13.283333333333333,0.06568729227282197,NA
2018,Summer,Suisun Marsh,7.14,Below Normal,N,21.43486956521739,4.3448756581815315,34.07163996948894
2018,Summer,Suisun Bay,7.14,Below Normal,N,20.50538268748795,8.00610725876917,41.09090909090909
2018,Summer,Confluence,7.14,Below Normal,N,21.54050467086233,0.7267663167778441,84.62612403934706
2018,Summer,SouthCentral,7.14,Below Normal,N,24.449346086359892,0.2147528241465934,104.98191725855877
2018,Summer,North,7.14,Below Normal,N,21.483333333333334,0.06680548166135396,NA
2018,Fall,Suisun Marsh,7.14,Below Normal,N,18.051469298245614,6.699377389634156,43.75767543859649
2018,Fall,Suisun Bay,7.14,Below Normal,N,18.19890130718954,10.882054821289943,63.60299898682877
2018,Fall,Confluence,7.14,Below Normal,N,18.106303780266945,1.4958769080066385,115.48665121304586
2018,Fall,SouthCentral,7.14,Below Normal,N,18.591032174840986,0.24462843605410148,142.77994449749085
2018,Fall,North,7.14,Below Normal,N,16.629166666666666,0.07482936442223644,276.44444444444446
2019,Winter,Suisun Marsh,10.34,Wet,N,10.660437306501548,2.1804273657165374,29.21527777777778
2019,Winter,Suisun Bay,10.34,Wet,N,10.75363043478261,5.71926417877835,44.54319105691057
2019,Winter,Confluence,10.34,Wet,N,10.349334086198771,0.739510464964061,59.937312028648876
2019,Winter,SouthCentral,10.34,Wet,N,10.785868112500127,0.18538282739709097,83.89474682943526
2019,Winter,North,10.34,Wet,N,9.7975,0.08340975084204502,207.66666666666669
2019,Spring,Suisun Marsh,10.34,Wet,N,16.529511183261185,0.4425202382652464,27.60263347763348
2019,Spring,Suisun Bay,10.34,Wet,N,15.458262032085562,0.20212912395788696,38.40714285714286
2019,Spring,Confluence,10.34,Wet,N,15.000605985828711,0.07493486429854311,66.8523291833333
2019,Spring,SouthCentral,10.34,Wet,N,14.732699818395226,0.08711780360092534,90.12366951268555
2019,Spring,North,10.34,Wet,N,13.176666666666668,0.050875513104892064,NA
2019,Summer,Suisun Marsh,10.34,Wet,N,22.443476961634858,1.85150123085887,32.480560375297216
2019,Summer,Suisun Bay,10.34,Wet,N,21.427948484848486,3.7930284495156146,42.18890049924533
2019,Summer,Confluence,10.34,Wet,N,21.895433714465895,0.2769051515430422,82.22889903103774
2019,Summer,SouthCentral,10.34,Wet,N,22.112305112871965,0.09175316885795572,90.63249242846314
2019,Summer,North,10.34,Wet,N,20.163333333333334,0.05143228573374502,NA
2019,Fall,Suisun Marsh,10.34,Wet,N,17.915906862745096,4.013540993915792,41.03799019607843
2019,Fall,Suisun Bay,10.34,Wet,N,18.20955642469754,6.547762463715185,51.632558139534886
2019,Fall,Confluence,10.34,Wet,N,17.972285201109866,0.4111387697157954,93.6509068554032
2019,Fall,SouthCentral,10.34,Wet,N,17.702989674338315,0.1005211682933052,140.16679480030496
2019,Fall,North,10.34,Wet,N,16.718333333333334,0.06356539884441466,152.55555555555554
2020,Winter,Suisun Marsh,6.12,Dry,D,10.453085784313727,2.839786366943372,34.256617647058825
2020,Winter,Suisun Bay,6.12,Dry,D,11.17812700228833,6.9820284928268,43.44891598915989
2020,Winter,Confluence,6.12,Dry,D,10.717078819939761,0.9600546688286499,64.36987682553868
2020,Winter,SouthCentral,6.12,Dry,D,10.839417025527776,0.17367435590462502,110.05035449374019
2020,Winter,North,6.12,Dry,D,10.558333333333334,0.09095002913205553,43.333333333333336
2020,Spring,Suisun Marsh,6.12,Dry,D,16.76220394736842,2.2418227863832545,32.690789473684205
2020,Spring,Suisun Bay,6.12,Dry,D,16.599090909090908,7.593565479543612,51.65151515151515
2020,Spring,Confluence,6.12,Dry,D,16.61155319008173,0.6797955521350326,67.46979831902009
2020,Spring,SouthCentral,6.12,Dry,D,18.135518502623945,0.1812711496688251,154.84814823159465
2020,Spring,North,6.12,Dry,D,13.18,0.0864528376028947,NA
2020,Summer,Suisun Marsh,6.12,Dry,D,22.488144444444444,5.984500520819552,42.36851851851852
2020,Summer,Suisun Bay,6.12,Dry,D,21.300648680351905,9.696920406678995,49.77126099706745
2020,Summer,Confluence,6.12,Dry,D,22.201151875875823,1.0552141631011607,93.44638198523758
2020,Summer,SouthCentral,6.12,Dry,D,24.229736111111112,0.1544364754145266,146.57613636363635
2020,Summer,North,6.12,Dry,D,22.186666666666667,0.06920036550624642,NA
2020,Fall,Suisun Marsh,6.12,Dry,D,18.222265795206972,7.065528253639098,50.29438997821351
2020,Fall,Suisun Bay,6.12,Dry,D,18.782833333333333,11.886693192487296,67.5462962962963
2020,Fall,Confluence,6.12,Dry,D,18.73652560796366,1.85337719059988,102.74755895244726
2020,Fall,SouthCentral,6.12,Dry,D,18.881955756833005,0.20332723681936,195.41935879236613
2020,Fall,North,6.12,Dry,D,17.660833333333333,0.07371140707585604,259.1111111111111
2021,Winter,Suisun Marsh,3.8,Critical,D,10.44936507936508,5.0391626683111586,45.96349206349206
2021,Winter,Suisun Bay,3.8,Critical,D,11.308119658119658,9.959529310212602,63.99145299145299
2021,Winter,Confluence,3.8,Critical,D,10.68297122775067,1.8013264568212557,71.26591447808285
2021,Winter,SouthCentral,3.8,Critical,D,10.706036536862152,0.24169210807306332,162.787397777306
2021,Winter,North,3.8,Critical,D,10.4175,0.08189748165567688,204.33333333333334
2021,Spring,Suisun Marsh,3.8,Critical,D,15.82483820662768,3.7898449409669865,33.7770955165692
2021,Spring,Suisun Bay,3.8,Critical,D,15.526150641025641,8.89746538412095,50.13205128205128
2021,Spring,Confluence,3.8,Critical,D,15.73292061084578,1.275108191465169,58.66198038872182
2021,Spring,SouthCentral,3.8,Critical,D,17.071943763815483,0.2524819921481574,142.90039278655473
2021,Spring,North,3.8,Critical,D,15.97,0.09029854593078453,NA
2021,Summer,Suisun Marsh,3.8,Critical,D,20.608411734464365,8.763103404914851,41.083959899749374
2021,Summer,Suisun Bay,3.8,Critical,D,19.946828924162258,11.152396725898273,44.01543209876543
2021,Summer,Confluence,3.8,Critical,D,21.402388761855516,2.186115130779559,77.87850986008841
2021,Summer,SouthCentral,3.8,Critical,D,23.36873023762705,0.24143976913451362,134.46635722017578
2021,Summer,North,3.8,Critical,D,24.113333333333333,0.07143512936549994,NA
2021,Fall,Suisun Marsh,3.8,Critical,D,18.279333333333334,6.315725128674159,38.6
2021,Fall,Suisun Bay,3.8,Critical,D,18.40373737373737,9.900064131556205,66.33333333333333
2021,Fall,Confluence,3.8,Critical,D,18.111631101276398,2.1306480921904205,83.1808770110872
2021,Fall,SouthCentral,3.8,Critical,D,18.896146193309136,0.21411422163757488,159.76806427660767
2021,Fall,North,3.8,Critical,D,17.7425,0.07991051903145517,202.44444444444443
